1,2,3,4,5,6,7,8
41883.0,14.408203,-1.0,-0.98710692,0.045672059,-0.069941565,0.025368601,0.046717122
41883.0,14.908203,-1.0,-1.0429565,0.04530251,-0.069940142,0.02530385,0.046636842
41883.0,15.408203,-1.0,-1.0096431,0.047004223,-0.069957592,0.025380371,0.046682488
41883.0,15.908203,-1.0,-0.96140242,0.046914816,-0.06987343,0.025414612,0.046747413
41883.0,16.408203,-1.0,-0.97693133,0.046601892,-0.069962211,0.025260983,0.046728361
41883.0,16.908203,-1.0,-1.0434575,0.045663118,-0.07001777,0.025294973,0.04665776
41883.0,17.408203,-1.0,-0.98605639,0.046956539,-0.069922119,0.025324082,0.046712536
41883.0,17.908203,-1.0,-0.97040647,0.04580915,-0.06988582,0.025403785,0.046738524
41883.0,18.408203,-1.0,-1.0414273,0.046700239,-0.069952533,0.025316114,0.046665087
41883.0,18.908203,-1.0,-1.0219142,0.045979023,-0.069941163,0.025239736,0.046670906
41883.0,19.408203,-1.0,-0.96455586,0.045526028,-0.069974422,0.025351789,0.046721894
41883.0,19.908203,-1.0,-0.97377038,0.046297908,-0.069928072,0.025318014,0.046721373
41883.0,20.408203,-1.0,-1.0244269,0.046253204,-0.069955543,0.025410172,0.046722654
41883.0,20.908203,-1.0,-0.98918194,0.046625733,-0.06996578,0.025371836,0.046717763
41883.0,21.408203,-1.0,-0.96851218,0.045642257,-0.069857031,0.02540553,0.046749439
41883.0,21.908203,-1.0,-0.97793901,0.046655536,-0.069924079,0.025370475,0.046729743
41883.0,22.408203,-1.0,-1.0135826,0.046703219,-0.069938906,0.025370441,0.04675094
41883.0,22.908203,-1.0,-0.94816458,0.046816468,-0.069952704,0.025503663,0.04678224
41883.0,23.408203,-1.0,-0.9739548,0.046846271,-0.069846816,0.025385201,0.04673158
41883.0,23.908203,-1.0,-1.0309629,0.046798587,-0.069909707,0.025363794,0.046735216
41883.0,24.408203,-2.7824218,-2.6976037,-0.010064244,-0.00045564771,-0.00065335125,-0.00059542432
41883.0,24.908203,-4.7324219,-4.2181926,-0.018322468,-0.00095001608,-0.00120611,-0.001058653
41883.0,25.408203,-6.6824222,-6.6758637,-0.029376149,-0.0018781573,-0.0019361753,-0.00183798
41883.0,25.908203,-8.6324224,-8.6105452,-0.037589669,-0.0026043728,-0.0027736691,-0.002443064
41883.0,26.408203,-10.582422,-10.659221,-0.045597553,-0.0033734068,-0.0034615961,-0.003115274
41883.0,26.908203,-12.532422,-12.712749,-0.053745508,-0.0040719956,-0.0042494666,-0.0039413013
41883.0,27.408203,-14.482422,-14.734407,-0.059506297,-0.0048727319,-0.0049168207,-0.0046757758
41883.0,27.908203,-16.432423,-16.58338,-0.066131353,-0.0054801702,-0.0055361819,-0.0053067915
41883.0,28.408203,-18.382421,-18.5058,-0.072094798,-0.0061430782,-0.0063443873,-0.0060373135
41883.0,28.908203,-20.332422,-20.456379,-0.078254938,-0.0068385229,-0.0070151156,-0.0068114065
41883.0,29.408203,-22.282423,-22.4163,-0.083386898,-0.0076572821,-0.0077916048,-0.0075496882
41883.0,29.908203,-24.232422,-24.298222,-0.089496374,-0.0082974285,-0.0083748791,-0.0082755052
41883.0,30.408203,-26.182423,-26.227503,-0.095787644,-0.0089851767,-0.009118475,-0.0090313628
41883.0,30.908203,-28.132423,-28.265959,-0.099557638,-0.0097080246,-0.0098709147,-0.0098236278
41883.0,31.408203,-30.082422,-30.160385,-0.10620058,-0.010477051,-0.010508197,-0.010534689
41883.0,31.908203,-32.032421,-32.071587,-0.11077523,-0.01117368,-0.011253699,-0.011354493
41883.0,32.408203,-33.982422,-34.046001,-0.11610985,-0.011858515,-0.011851067,-0.012144379
41883.0,32.908203,-35.932423,-36.012768,-0.1208365,-0.012541525,-0.012643531,-0.012943013
41883.0,33.408203,-37.882423,-37.92149,-0.1263231,-0.013315812,-0.013374972,-0.013699593
41883.0,33.908203,-39.832424,-39.860748,-0.13178885,-0.01399041,-0.013955886,-0.014520206
41883.0,34.408203,-41.782421,-41.868473,-0.13636649,-0.01483687,-0.014842564,-0.015342698
41883.0,34.908203,-43.732422,-43.761517,-0.14045835,-0.01547458,-0.015453472,-0.016154205
41883.0,35.408203,-45.682423,-45.672855,-0.14688373,-0.016232595,-0.016238339,-0.016965644
41883.0,35.908203,-47.632423,-47.760635,-0.15221238,-0.016978875,-0.01696967,-0.017834764
41883.0,36.408203,-49.582424,-49.646072,-0.15645623,-0.017677411,-0.017758792,-0.018665371
41883.0,36.908203,-51.532425,-51.595367,-0.16125441,-0.018473648,-0.018496186,-0.019472135
41883.0,37.408203,-53.482422,-53.560562,-0.16524792,-0.019127518,-0.019194324,-0.020306554
41883.0,37.908203,-55.432423,-55.576111,-0.17153919,-0.019942373,-0.019924844,-0.021166764
41883.0,38.408203,-57.382423,-57.437775,-0.17508864,-0.02061566,-0.020648539,-0.021956177
41883.0,38.908203,-59.332424,-59.355923,-0.17952323,-0.021338299,-0.021389712,-0.022789039
41883.0,39.408203,-61.282425,-61.390102,-0.18530488,-0.022200339,-0.022221733,-0.02362206
41883.0,39.908203,-63.232422,-63.301479,-0.1901269,-0.022904806,-0.0227929,-0.024461307
41883.0,40.408203,-65.182426,-65.190338,-0.19475222,-0.023629852,-0.023662632,-0.025179572
41883.0,40.908203,-67.132423,-67.204918,-0.1996547,-0.02433522,-0.024367513,-0.026039025
41883.0,41.408203,-69.08242,-69.172081,-0.20363033,-0.025180534,-0.025237584,-0.026887964
41883.0,41.908203,-71.032425,-71.078606,-0.20964146,-0.025875635,-0.025862776,-0.027676754
41883.0,42.408203,-72.982422,-73.046425,-0.213328,-0.026601017,-0.026742244,-0.028533131
41883.0,42.908203,-74.932426,-75.010124,-0.21907091,-0.027398169,-0.027485345,-0.029437134
41883.0,43.408203,-76.882423,-76.965797,-0.22313595,-0.02815558,-0.028152954,-0.030291326
41883.0,43.908203,-78.83242,-78.890617,-0.22749007,-0.028908052,-0.028961074,-0.03108215
41883.0,44.408203,-80.782425,-80.876854,-0.23317039,-0.029665761,-0.029682828,-0.031866852
41883.0,44.908203,-82.732422,-82.822243,-0.23728907,-0.030485258,-0.030441167,-0.032785758
41883.0,45.408203,-84.682426,-84.705826,-0.24252534,-0.031207547,-0.031305756,-0.03359171
41883.0,45.908203,-86.632423,-86.668282,-0.24494827,-0.0319703,-0.031915858,-0.034406923
41883.0,46.408203,-88.58242,-88.685005,-0.25059879,-0.032730281,-0.032735601,-0.035268344
41883.0,46.908203,-90.532425,-90.61116,-0.25530756,-0.033497371,-0.033457685,-0.036173459
41883.0,47.408203,-92.482422,-92.532143,-0.25879443,-0.034352027,-0.034300987,-0.037037048
41883.0,47.908203,-94.432426,-94.533432,-0.26283264,-0.035090685,-0.035115361,-0.037895009
41883.0,48.408203,-96.382423,-96.475105,-0.26867986,-0.035860203,-0.035839535,-0.0387838
41883.0,48.908203,-98.332428,-98.367401,-0.27164221,-0.036553249,-0.036658168,-0.039594688
41883.0,49.408203,-100.28242,-100.33851,-0.27707815,-0.037420362,-0.037321147,-0.040386584
41883.0,49.908203,-102.23242,-102.35051,-0.28153956,-0.038254276,-0.038149036,-0.041348618
41883.0,50.408203,-104.18243,-104.24413,-0.28570592,-0.03889633,-0.039034933,-0.042155676
41883.0,50.908203,-106.13242,-106.13027,-0.29071867,-0.039710581,-0.039694838,-0.042936157
41883.0,51.408203,-108.08243,-108.14857,-0.29531419,-0.040527947,-0.040575538,-0.043840114
41883.0,51.908203,-110.03242,-110.09868,-0.29989481,-0.04128094,-0.041380014,-0.044711307
41883.0,52.408203,-111.98242,-112.04214,-0.3041625,-0.042059265,-0.042134319,-0.045668535
41883.0,52.908203,-113.93243,-114.01472,-0.30814707,-0.042859569,-0.042889249,-0.046469484
41883.0,53.408203,-115.88242,-115.96942,-0.31287372,-0.043680519,-0.043754298,-0.047331043
41883.0,53.908203,-117.83243,-117.89471,-0.31818151,-0.044402674,-0.044566087,-0.048160769
41883.0,54.408203,-119.78242,-119.79359,-0.3213793,-0.045185536,-0.04529231,-0.049028568
41883.0,54.908203,-121.73242,-121.81676,-0.32589734,-0.046012282,-0.046129696,-0.049982108
41883.0,55.408203,-123.68243,-123.75648,-0.33092499,-0.046798915,-0.04697036,-0.050853264
41883.0,55.908203,-125.63242,-125.66409,-0.33412874,-0.047631189,-0.047900058,-0.051709745
41883.0,56.408203,-127.58243,-127.63514,-0.33838153,-0.048356593,-0.048716981,-0.0525603
41883.0,56.908203,-129.53242,-129.62956,-0.34323633,-0.049155369,-0.049455721,-0.053408056
41883.0,57.408203,-131.48242,-131.50423,-0.34763217,-0.04993327,-0.050335407,-0.054271102
41883.0,57.908203,-133.43242,-133.47504,-0.35120845,-0.050807953,-0.051102601,-0.055188932
41883.0,58.408203,-135.38243,-135.4854,-0.35561919,-0.051594675,-0.052020516,-0.056134518
41883.0,58.908203,-137.33243,-137.37718,-0.36056042,-0.052400365,-0.05287933,-0.057043806
41883.0,59.408203,-139.28242,-139.28661,-0.36316812,-0.053131431,-0.053660613,-0.057898045
41883.0,59.908203,-141.23242,-141.33406,-0.368312,-0.054028407,-0.054520339,-0.05877509
41883.0,60.408203,-143.18242,-143.27255,-0.37247241,-0.054816172,-0.055284005,-0.059652813
41883.0,60.908203,-145.13243,-145.10707,-0.37695169,-0.055498496,-0.056151047,-0.060488306
41883.0,61.408203,-146.93526,-147.08214,-0.38165152,-0.056331933,-0.057079069,-0.061353564
41883.0,61.908203,-144.98526,-145.0634,-0.37823021,-0.055821568,-0.056458917,-0.060811143
41883.0,62.408203,-143.03525,-143.08562,-0.37463009,-0.055232629,-0.055821177,-0.060260393
41883.0,62.908203,-141.08525,-141.08936,-0.37172437,-0.054622039,-0.055189509,-0.059582569
41883.0,63.408203,-139.13525,-139.17114,-0.36698282,-0.054156363,-0.05463542,-0.058981523
41883.0,63.908203,-137.18526,-137.158,-0.36467612,-0.053446516,-0.054073364,-0.058204941
41883.0,64.408203,-135.23526,-135.14748,-0.36034286,-0.052821532,-0.053188074,-0.05753528
41883.0,64.908203,-133.28525,-133.22443,-0.35725236,-0.052169666,-0.052683901,-0.056854367
41883.0,65.408203,-131.33525,-131.28629,-0.35487711,-0.051532879,-0.052049626,-0.056208715
41883.0,65.908203,-129.38525,-129.27849,-0.35072565,-0.050868198,-0.051364578,-0.055455491
41883.0,66.408203,-127.43526,-127.30885,-0.34717023,-0.050272658,-0.050681483,-0.054767322
41883.0,66.908203,-125.48525,-125.46778,-0.34404397,-0.049685359,-0.050070439,-0.05410042
41883.0,67.408203,-123.53526,-123.45674,-0.34053028,-0.049013034,-0.049515389,-0.053364869
41883.0,67.908203,-121.58525,-121.47433,-0.3356725,-0.04834798,-0.048715524,-0.052731216
41883.0,68.408203,-119.63525,-119.56876,-0.333184,-0.047681779,-0.048078839,-0.052016716
41883.0,68.908203,-117.68526,-117.62092,-0.32981634,-0.04707326,-0.047421332,-0.051289417
41883.0,69.408203,-115.73525,-115.60407,-0.32549798,-0.046400756,-0.046695594,-0.050521035
41883.0,69.908203,-113.78526,-113.68422,-0.32069385,-0.045753479,-0.046075054,-0.049792737
41883.0,70.408203,-111.83525,-111.79454,-0.31843185,-0.045057923,-0.045354079,-0.049079057
41883.0,70.908203,-109.88525,-109.78002,-0.31452179,-0.044494912,-0.044765316,-0.04833464
41883.0,71.408203,-107.93525,-107.78355,-0.31001866,-0.043762624,-0.044000015,-0.047542989
41883.0,71.908203,-105.98525,-105.93668,-0.3067553,-0.043098256,-0.04328775,-0.046817996
41883.0,72.408203,-104.03526,-103.94661,-0.30227602,-0.042416699,-0.042716254,-0.04609495
41883.0,72.908203,-102.08525,-101.96493,-0.29878318,-0.04179322,-0.041919447,-0.045367505
41883.0,73.408203,-100.13525,-100.07676,-0.29559135,-0.04110565,-0.041310389,-0.044677202
41883.0,73.908203,-98.185249,-98.138763,-0.29076636,-0.040422387,-0.040610749,-0.043969233
41883.0,74.408203,-96.235252,-96.149704,-0.28721392,-0.039717846,-0.039986093,-0.043209668
41883.0,74.908203,-94.285255,-94.22261,-0.28322339,-0.039037116,-0.039200298,-0.042497117
41883.0,75.408203,-92.335251,-92.291924,-0.27851164,-0.038370214,-0.038564831,-0.041731007
41883.0,75.908203,-90.385254,-90.299225,-0.27633905,-0.037668884,-0.037824046,-0.04096067
41883.0,76.408203,-88.435249,-88.32177,-0.27198195,-0.036983922,-0.037218176,-0.040178038
41883.0,76.908203,-86.485252,-86.442406,-0.26734769,-0.03635601,-0.03646642,-0.039404307
41883.0,77.408203,-84.535255,-84.491684,-0.26233792,-0.035617843,-0.035804793,-0.038635809
41883.0,77.908203,-82.585251,-82.453255,-0.25877953,-0.034870178,-0.035092253,-0.037846379
41883.0,78.408203,-80.635254,-80.54837,-0.2548337,-0.034188338,-0.034415137,-0.03705385
41883.0,78.908203,-78.685249,-78.628021,-0.25084913,-0.033491358,-0.033647258,-0.036296006
41883.0,79.408203,-76.735252,-76.639252,-0.24588704,-0.032780677,-0.032937281,-0.035460774
41883.0,79.908203,-74.785255,-74.634682,-0.24244189,-0.032096773,-0.032201707,-0.034726862
41883.0,80.408203,-72.835251,-72.806114,-0.23815334,-0.031437203,-0.031611606,-0.033951528
41883.0,80.908203,-70.885254,-70.823158,-0.23217797,-0.030669972,-0.030877518,-0.033180378
41883.0,81.408203,-68.935249,-68.819633,-0.23073852,-0.029881127,-0.030269461,-0.032350063
41883.0,81.908203,-66.985252,-66.849426,-0.22482574,-0.029217206,-0.029505413,-0.031533673
41883.0,82.408203,-65.035255,-64.984879,-0.21950006,-0.028404385,-0.028868746,-0.030759342
41883.0,82.908203,-63.085251,-62.998451,-0.21711886,-0.027765796,-0.028231684,-0.030021859
41883.0,83.408203,-61.13525,-61.022114,-0.21122396,-0.026976518,-0.027440021,-0.029209597
41883.0,83.908203,-59.185253,-59.171928,-0.20708144,-0.026292264,-0.026813142,-0.028493874
41883.0,84.408203,-57.235252,-57.185665,-0.20205081,-0.025503039,-0.02606127,-0.027668495
41883.0,84.908203,-55.285252,-55.186829,-0.19633174,-0.024645485,-0.025324218,-0.026889196
41883.0,85.408203,-53.335251,-53.254093,-0.1922667,-0.024036698,-0.024636658,-0.026025141
41883.0,85.908203,-51.38525,-51.299232,-0.18751919,-0.02318906,-0.02386879,-0.025177829
41883.0,86.408203,-49.435253,-49.353146,-0.18242598,-0.022575639,-0.023269914,-0.024448456
41883.0,86.908203,-47.485252,-47.397514,-0.17746091,-0.021760777,-0.022530206,-0.02363147
41883.0,87.408203,-45.535252,-45.527142,-0.17415881,-0.021001436,-0.021740474,-0.022870364
41883.0,87.908203,-43.585251,-43.528397,-0.16741157,-0.020290293,-0.021129606,-0.021975214
41883.0,88.408203,-41.63525,-41.498215,-0.16285181,-0.019455351,-0.020386901,-0.021103799
41883.0,88.908203,-39.685253,-39.597874,-0.15679896,-0.018665776,-0.019537568,-0.020284148
41883.0,89.408203,-37.735252,-37.673851,-0.15318692,-0.01798033,-0.018812338,-0.019538756
41883.0,89.908203,-35.785252,-35.669861,-0.14774501,-0.017095163,-0.01809366,-0.018644363
41883.0,90.408203,-33.835251,-33.724628,-0.14237463,-0.016453631,-0.017489223,-0.017796719
41883.0,90.908203,-31.885252,-31.860329,-0.13723373,-0.015670188,-0.016694834,-0.017008446
41883.0,91.408203,-29.935251,-29.891069,-0.13226271,-0.014875524,-0.015891625,-0.0162473
41883.0,91.908203,-27.98525,-27.89715,-0.12616217,-0.014074825,-0.015123111,-0.015307136
41883.0,92.408203,-26.035252,-25.976845,-0.11961162,-0.013281494,-0.014328159,-0.01445137
41883.0,92.908203,-24.085251,-24.062531,-0.11390746,-0.012555048,-0.013597545,-0.013706814
41883.0,93.408203,-22.13525,-22.049007,-0.10902286,-0.011626437,-0.012819014,-0.012824491
41883.0,93.908203,-20.185251,-20.038902,-0.10271668,-0.010903999,-0.011997535,-0.011824327
41883.0,94.408203,-18.23525,-18.183847,-0.096717477,-0.010077231,-0.011223453,-0.01104348
41883.0,94.908203,-16.285252,-16.261328,-0.09008646,-0.0093732402,-0.010523468,-0.010296214
41883.0,95.408203,-14.335251,-14.215576,-0.083866715,-0.0085363463,-0.0097525194,-0.0092783086
41883.0,95.908203,-12.385251,-12.372556,-0.076210499,-0.0076767504,-0.0088389954,-0.0084761567
41883.0,96.408203,-10.43525,-10.384905,-0.069755316,-0.0068693087,-0.0080714263,-0.0076061413
41883.0,96.908203,-8.4852505,-8.3733225,-0.061616302,-0.0061028153,-0.0071841548,-0.0066989996
41883.0,97.408203,-6.5352507,-6.5024886,-0.053414702,-0.005292125,-0.006290962,-0.0059269443
41883.0,97.908203,-4.5852504,-4.616622,-0.044298172,-0.0044932663,-0.0055207792,-0.0052146316
41883.0,98.408203,-5.202879,-4.9117913,-0.043061376,-0.0045021549,-0.0054695681,-0.0051163919
41883.0,98.908203,-7.1528792,-6.9685521,-0.05171597,-0.0051875412,-0.0061465469,-0.0057947822
41883.0,99.408203,-9.1028795,-9.0692711,-0.05864203,-0.0059792623,-0.0070088301,-0.0065625943
41883.0,99.908203,-11.052879,-11.02788,-0.066298246,-0.0066138804,-0.0076000239,-0.007235717
41883.0,100.4082,-13.002879,-12.958534,-0.073036551,-0.0073344707,-0.0083979461,-0.00796533
41883.0,100.9082,-14.952879,-14.958979,-0.079214573,-0.008034952,-0.0091312956,-0.0088129826
41883.0,101.4082,-16.90288,-16.905344,-0.085327029,-0.008619599,-0.0097681303,-0.0095191486
41883.0,101.9082,-18.852879,-18.817831,-0.090432167,-0.0093442127,-0.010466962,-0.01026311
41883.0,102.4082,-20.802879,-20.821829,-0.096812844,-0.010128006,-0.011116507,-0.011112917
41883.0,102.9082,-22.75288,-22.805962,-0.10251403,-0.010786928,-0.011911147,-0.011814816
41883.0,103.4082,-24.702879,-24.745108,-0.10844469,-0.011509597,-0.012607103,-0.012694255
41883.0,103.9082,-26.65288,-26.689068,-0.11235476,-0.012226447,-0.013304236,-0.013495602
41883.0,104.4082,-28.60288,-28.655561,-0.11837482,-0.012945943,-0.014008848,-0.014236366
41883.0,104.9082,-30.552879,-30.615942,-0.12357235,-0.0136429,-0.014661746,-0.015039548
41883.0,105.4082,-32.50288,-32.545361,-0.12898743,-0.01439666,-0.015462976,-0.015852027
41883.0,105.9082,-34.452881,-34.478188,-0.13279021,-0.015086457,-0.016179373,-0.01662026
41883.0,106.4082,-36.402882,-36.512661,-0.13954639,-0.015795395,-0.016822014,-0.017459352
41883.0,106.9082,-38.352879,-38.453152,-0.14388561,-0.016507626,-0.01755788,-0.018163821
41883.0,107.4082,-40.302879,-40.374298,-0.14844835,-0.017161183,-0.01832816,-0.019015953
41883.0,107.9082,-42.25288,-42.342812,-0.15340149,-0.017871685,-0.018973159,-0.019763436
41883.0,108.4082,-44.202881,-44.309414,-0.1598686,-0.018651761,-0.019771837,-0.020620855
41883.0,108.9082,-46.152882,-46.183266,-0.16396344,-0.019357108,-0.020445241,-0.021320431
41883.0,109.4082,-48.102879,-48.130283,-0.16839206,-0.020009428,-0.021235518,-0.022165276
41883.0,109.9082,-50.052879,-50.166405,-0.17259419,-0.020780273,-0.021835189,-0.023013651
41883.0,110.4082,-52.00288,-52.087437,-0.17793477,-0.021438785,-0.022576572,-0.023748269
41883.0,110.9082,-53.952881,-54.019627,-0.18167794,-0.022191174,-0.023304684,-0.024538666
41883.0,111.4082,-55.902882,-56.022427,-0.18747449,-0.022941999,-0.023981065,-0.025387453
41883.0,111.9082,-57.852879,-57.884491,-0.19208193,-0.023635015,-0.024770191,-0.026110645
41883.0,112.4082,-59.802879,-59.764034,-0.19541681,-0.024394579,-0.025438879,-0.026955677
41883.0,112.9082,-61.75288,-61.817337,-0.20007789,-0.025097452,-0.026109332,-0.027791405
41883.0,113.4082,-63.702881,-63.739773,-0.20589828,-0.02579914,-0.026865799,-0.028512649
41883.0,113.9082,-65.652878,-65.678787,-0.20978451,-0.026564278,-0.027598044,-0.029319935
41883.0,114.4082,-67.602882,-67.59948,-0.21407306,-0.027147964,-0.028343499,-0.030053858
41883.0,114.9082,-69.552879,-69.64666,-0.21799207,-0.027967289,-0.029020881,-0.030968446
41883.0,115.4082,-71.502884,-71.592171,-0.22262037,-0.028709278,-0.029662393,-0.031771604
41883.0,115.9082,-73.452881,-73.523018,-0.22775531,-0.029366434,-0.030387126,-0.032539994
41883.0,116.4082,-75.402878,-75.430885,-0.23201406,-0.030148014,-0.031083694,-0.033274926
41883.0,116.9082,-77.352882,-77.447548,-0.23581386,-0.030883245,-0.031917538,-0.034163095
41883.0,117.4082,-79.302879,-79.374626,-0.24181306,-0.031564437,-0.032597762,-0.034899961
41883.0,117.9082,-81.252884,-81.326744,-0.24567544,-0.032325447,-0.033222962,-0.035799488
41883.0,118.4082,-83.202881,-83.266541,-0.25078952,-0.033067949,-0.033994712,-0.03648765
41883.0,118.9082,-85.152878,-85.28299,-0.25409162,-0.033797003,-0.034704059,-0.037391834
41883.0,119.4082,-87.102882,-87.130836,-0.25770962,-0.034519538,-0.035409,-0.037998587
41883.0,119.9082,-89.052879,-89.121902,-0.26294887,-0.035271496,-0.036161996,-0.038950596
41883.0,120.4082,-91.002884,-91.067383,-0.2669245,-0.036004126,-0.036803849,-0.039646201
41883.0,120.9082,-92.952881,-93.03933,-0.27160645,-0.036632344,-0.037556276,-0.040571991
41883.0,121.4082,-94.902878,-94.924049,-0.27623177,-0.037441172,-0.038195312,-0.041233126
41883.0,121.9082,-96.852882,-96.916733,-0.27954876,-0.038053676,-0.038941164,-0.042138379
41883.0,122.4082,-98.802879,-98.858719,-0.28295517,-0.038755976,-0.039649907,-0.042861354
41883.0,122.9082,-100.75288,-100.80324,-0.28745234,-0.039516896,-0.040454008,-0.04373562
41883.0,123.4082,-102.70288,-102.73299,-0.29284656,-0.040197358,-0.04116841,-0.044479147
41883.0,123.9082,-104.65288,-104.73685,-0.29682517,-0.040906802,-0.041854557,-0.045312472
41883.0,124.4082,-106.60288,-106.63863,-0.30135214,-0.041640744,-0.042647135,-0.046031285
41883.0,124.9082,-108.55288,-108.60996,-0.30512512,-0.042362824,-0.0432547,-0.046935473
41883.0,125.4082,-110.50288,-110.56928,-0.30986369,-0.043123439,-0.044044793,-0.047625598
41883.0,125.9082,-112.45288,-112.55167,-0.31341314,-0.043848291,-0.044834264,-0.048516583
41883.0,126.4082,-114.40289,-114.45033,-0.3170073,-0.044550464,-0.045457125,-0.049259767
41883.0,126.9082,-116.35288,-116.39822,-0.3213644,-0.045269132,-0.046281695,-0.050020695
41883.0,127.4082,-118.30288,-118.35371,-0.32511055,-0.045988068,-0.046985071,-0.050801165
41883.0,127.9082,-120.25288,-120.30891,-0.32935739,-0.046671271,-0.047660809,-0.051583849
41883.0,128.4082,-122.20288,-122.2326,-0.33401251,-0.047381878,-0.048506536,-0.052391399
41883.0,128.9082,-124.15289,-124.22417,-0.33723116,-0.048150524,-0.049138948,-0.053157505
41883.0,129.4082,-126.10288,-126.22249,-0.34118593,-0.048868015,-0.050023604,-0.054088932
41883.0,129.9082,-128.05289,-128.08116,-0.3456533,-0.0495864,-0.050631162,-0.054763
41883.0,130.4082,-130.00288,-130.08208,-0.3498733,-0.050346822,-0.051348824,-0.055640727
41883.0,130.9082,-131.95288,-132.01953,-0.35223961,-0.050989956,-0.052172709,-0.056399867
41883.0,131.4082,-133.90288,-133.96869,-0.35742819,-0.051774517,-0.052926268,-0.057187952
41883.0,131.9082,-135.85287,-135.88765,-0.3600955,-0.052467614,-0.053687006,-0.05800394
41883.0,132.4082,-137.80289,-137.85963,-0.36531389,-0.053235963,-0.054402687,-0.058763385
41883.0,132.9082,-139.75288,-139.8721,-0.36919713,-0.053935245,-0.055096626,-0.059634708
41883.0,133.4082,-141.70288,-141.76601,-0.37282407,-0.054656431,-0.056006365,-0.060412023
41883.0,133.9082,-143.65288,-143.73013,-0.37592053,-0.05539608,-0.056700859,-0.061237112
41883.0,134.4082,-145.60289,-145.68661,-0.37900805,-0.056173056,-0.057633847,-0.062016342
41883.0,134.9082,-144.46513,-144.59132,-0.37953854,-0.055956975,-0.057246033,-0.061745971
41883.0,135.4082,-142.51514,-142.53987,-0.37648678,-0.055313721,-0.056545075,-0.061050348
41883.0,135.9082,-140.56514,-140.62975,-0.37169755,-0.054718137,-0.055970851,-0.060482275
41883.0,136.4082,-138.61514,-138.56023,-0.36790073,-0.054045975,-0.05523555,-0.059747219
41883.0,136.9082,-136.66513,-136.6355,-0.36573708,-0.05340375,-0.054668654,-0.059055798
41883.0,137.4082,-134.71513,-134.64413,-0.36223829,-0.052845269,-0.054079276,-0.058410175
41883.0,137.9082,-132.76514,-132.71535,-0.3591001,-0.052187577,-0.053305745,-0.057709292
41883.0,138.4082,-130.81514,-130.72595,-0.3556937,-0.051510572,-0.052758671,-0.056988109
41883.0,138.9082,-128.86514,-128.7496,-0.35171211,-0.05088453,-0.052052457,-0.056222156
41883.0,139.4082,-126.91514,-126.89581,-0.34773946,-0.050258189,-0.051342372,-0.05562412
41883.0,139.9082,-124.96513,-124.90286,-0.34403801,-0.049680233,-0.050838619,-0.054856796
41883.0,140.4082,-123.01514,-122.92128,-0.34066141,-0.048923403,-0.050058436,-0.054141048
41883.0,140.9082,-121.06514,-121.09132,-0.33697486,-0.048426315,-0.049537797,-0.053452156
41883.0,141.4082,-119.11514,-119.02719,-0.3334552,-0.047757328,-0.048738595,-0.052737944
41883.0,141.9082,-117.16514,-117.07212,-0.33019781,-0.047058016,-0.048013367,-0.052009135
41883.0,142.4082,-115.21513,-115.14491,-0.32534301,-0.046388015,-0.047473155,-0.051224567
41883.0,142.9082,-113.26514,-113.32293,-0.32212734,-0.0457201,-0.046656448,-0.050616641
41883.0,143.4082,-111.31513,-111.19992,-0.31911433,-0.044955939,-0.04604068,-0.049735133
41883.0,143.9082,-109.36514,-109.22781,-0.31503141,-0.044356063,-0.045331579,-0.049098559
41883.0,144.4082,-107.41514,-107.2702,-0.31101704,-0.043711334,-0.044655465,-0.048240587
41883.0,144.9082,-105.46513,-105.47985,-0.30653179,-0.043131575,-0.044031031,-0.047693413
41883.0,145.4082,-103.51514,-103.37634,-0.30279756,-0.042379953,-0.043328077,-0.046866126
41883.0,145.9082,-101.56513,-101.62849,-0.30044317,-0.041721307,-0.042617019,-0.046233468
41883.0,146.4082,-99.615135,-99.606407,-0.29560924,-0.041106448,-0.041946683,-0.045413181
41883.0,146.9082,-97.665138,-97.659088,-0.29252768,-0.040375546,-0.041240595,-0.044714108
41883.0,147.4082,-95.715134,-95.60041,-0.28802752,-0.039689548,-0.040594805,-0.0438978
41883.0,147.9082,-93.765137,-93.720619,-0.28433502,-0.038954437,-0.039876711,-0.043155912
41883.0,148.4082,-91.815132,-91.64994,-0.28014481,-0.03833276,-0.039069343,-0.042357896
41883.0,148.9082,-89.865135,-89.738815,-0.2761513,-0.037541769,-0.03848321,-0.041552681
41883.0,149.4082,-87.915138,-87.754593,-0.27102232,-0.03690207,-0.037760884,-0.040884834
41883.0,149.9082,-85.965134,-85.899368,-0.26881397,-0.036212109,-0.037019201,-0.040071134
41883.0,150.4082,-84.015137,-83.956642,-0.26403368,-0.035545737,-0.036404774,-0.039352626
41883.0,150.9082,-82.065132,-81.956207,-0.25991201,-0.03483513,-0.035603397,-0.038512364
41883.0,151.4082,-80.115135,-80.042274,-0.25501251,-0.034095824,-0.034952462,-0.037763253
41883.0,151.9082,-78.165138,-78.172668,-0.25060475,-0.033457115,-0.034295946,-0.037006591
41883.0,152.4082,-76.215134,-76.110191,-0.24771392,-0.032667965,-0.033524916,-0.036161505
41883.0,152.9082,-74.265137,-74.211075,-0.24293959,-0.032082044,-0.032776061,-0.035357431
41883.0,153.4082,-72.315132,-72.282997,-0.2389729,-0.031276219,-0.032117736,-0.034574717
41883.0,153.9082,-70.365135,-70.281967,-0.23499727,-0.030544385,-0.031596743,-0.033761524
41883.0,154.4082,-68.415138,-68.317253,-0.23011863,-0.029845349,-0.030821592,-0.033054754
41883.0,154.9082,-66.465134,-66.39682,-0.22541583,-0.029066361,-0.03002773,-0.032238431
41883.0,155.4082,-64.515137,-64.476891,-0.2214849,-0.028338186,-0.029459434,-0.031402126
41883.0,155.9082,-62.565136,-62.50423,-0.21722019,-0.027605183,-0.028650999,-0.030645287
41883.0,156.4082,-60.615135,-60.532486,-0.21252632,-0.026859097,-0.028116187,-0.029814042
41883.0,156.9082,-58.665134,-58.567322,-0.2060473,-0.026139386,-0.027324066,-0.029030727
41883.0,157.4082,-56.715134,-56.592972,-0.2029717,-0.0253902,-0.026530361,-0.028245451
41883.0,157.9082,-54.765133,-54.73735,-0.19798875,-0.02464518,-0.02583742,-0.027380951
41883.0,158.4082,-52.815136,-52.81535,-0.19269586,-0.023890935,-0.02512324,-0.026605282
41883.0,158.9082,-50.865135,-50.849255,-0.18794537,-0.02314093,-0.024449313,-0.025842492
41883.0,159.4082,-48.915134,-48.825024,-0.18359125,-0.02247265,-0.023680702,-0.024972515
41883.0,159.9082,-46.965134,-46.936821,-0.17838776,-0.021656424,-0.022957623,-0.024097154
41883.0,160.4082,-45.015133,-44.990334,-0.17322898,-0.020933792,-0.022293707,-0.023384253
41883.0,160.9082,-43.065136,-43.041008,-0.16868711,-0.020142235,-0.021533474,-0.022478446
41883.0,161.4082,-41.115135,-41.013031,-0.16313493,-0.019399874,-0.020816838,-0.021586193
41883.0,161.9082,-39.165134,-39.1558,-0.15750825,-0.018606722,-0.02004114,-0.020916885
41883.0,162.4082,-37.215134,-37.187717,-0.15353262,-0.017872892,-0.019286139,-0.020008907
41883.0,162.9082,-35.265133,-35.202362,-0.14800429,-0.017060861,-0.018568208,-0.019127049
41883.0,163.4082,-33.315132,-33.316307,-0.14215112,-0.016358502,-0.017783502,-0.018337322
41883.0,163.9082,-31.365133,-31.290653,-0.13653338,-0.015480399,-0.017086675,-0.017453473
41883.0,164.4082,-29.415134,-29.354322,-0.1314491,-0.014791109,-0.016360559,-0.016511504
41883.0,164.9082,-27.465134,-27.450645,-0.12615621,-0.013988107,-0.015454314,-0.015787072
41883.0,165.4082,-25.515133,-25.531397,-0.1203537,-0.013260789,-0.014799521,-0.014938647
41883.0,165.9082,-23.565134,-23.454262,-0.11348724,-0.012409464,-0.013995518,-0.01394471
41883.0,166.4082,-21.615133,-21.490873,-0.10819137,-0.011563599,-0.013178996,-0.013142029
41883.0,166.9082,-19.665134,-19.616325,-0.10234118,-0.010875031,-0.012458043,-0.012312451
41883.0,167.4082,-17.715134,-17.687437,-0.095623732,-0.010065436,-0.01156685,-0.011357449
41883.0,167.9082,-15.765134,-15.636019,-0.089398026,-0.0092175156,-0.010874556,-0.010462962
41883.0,168.4082,-13.815133,-13.717852,-0.083082914,-0.0084513947,-0.010035383,-0.0096042417
41883.0,168.9082,-11.865133,-11.787017,-0.075823069,-0.0076870695,-0.0091383355,-0.0086801723
41883.0,169.4082,-9.9151335,-9.8034582,-0.069126487,-0.0069225207,-0.0082779173,-0.0077981688
41883.0,169.9082,-7.9651332,-7.9362755,-0.060388446,-0.006128788,-0.0074465917,-0.0069850571
41883.0,170.4082,-6.0151334,-6.0187578,-0.052976608,-0.0053610131,-0.0065407758,-0.0061191805
41883.0,170.9082,-4.0651331,-4.0684938,-0.041943789,-0.0046131983,-0.005679898,-0.0053256266
41883.0,171.4082,-3.927,-3.740186,-0.040596724,-0.0044168085,-0.0052755778,-0.0051253773
41883.0,171.9082,-3.927,-3.7775691,-0.039690733,-0.0043528453,-0.0053104009,-0.0050508752
41883.0,172.4082,-3.927,-3.9484036,-0.039550662,-0.0043208152,-0.0053525968,-0.0050849766
41883.0,172.9082,-3.927,-3.9359424,-0.040063262,-0.0043103471,-0.0053809909,-0.0050192438
41883.0,173.4082,-3.927,-3.9102082,-0.039446354,-0.0043279305,-0.0052063707,-0.0049729012
41883.0,173.9082,-3.927,-3.96456,-0.039032102,-0.0041894019,-0.0052336459,-0.0050667226
41883.0,174.4082,-3.927,-3.8949716,-0.039541721,-0.0042322949,-0.005215432,-0.0049914494
41883.0,174.9082,-3.927,-3.7730579,-0.038933754,-0.0041878149,-0.0050188578,-0.0048793778
41883.0,175.4082,-3.927,-3.8269627,-0.038915873,-0.0041613206,-0.0051052766,-0.0048167408
41883.0,175.9082,-3.927,-3.876673,-0.038594007,-0.0041114986,-0.0051479856,-0.0049568228
41883.0,176.4082,-3.927,-3.8274806,-0.038793683,-0.0041508898,-0.0050969734,-0.0048444904
41883.0,176.9082,-3.927,-3.8362033,-0.038516521,-0.0041130111,-0.0051452136,-0.0048021078
41883.0,177.4082,-3.927,-3.9878116,-0.03875196,-0.00415162,-0.0051066969,-0.0049241222
41883.0,177.9082,-3.927,-3.899442,-0.038349628,-0.0041607395,-0.0049929325,-0.0048389286
41883.0,178.4082,-3.927,-3.8775876,-0.038835406,-0.00411167,-0.0050449613,-0.0048063248
41883.0,178.9082,-3.927,-3.8979259,-0.039073825,-0.0041258037,-0.0049896101,-0.0047525577
41883.0,179.4082,-3.927,-4.0398669,-0.039827824,-0.0041174218,-0.0051322277,-0.0049135238
41883.0,179.9082,-3.927,-3.8982704,-0.039228797,-0.0041463599,-0.0050171698,-0.0048116259
41883.0,180.4082,-3.927,-3.8698168,-0.03785491,-0.0040904433,-0.0049394458,-0.0047365539
41883.0,180.9082,-3.927,-3.9818828,-0.038695335,-0.0040423721,-0.0050250874,-0.0047805794
41883.0,181.4082,-3.927,-3.9235353,-0.039356947,-0.0040818974,-0.004902591,-0.0047584176
41883.0,181.9082,-3.927,-3.8932748,-0.038447976,-0.0040351376,-0.0049932799,-0.0046804883
41883.0,182.4082,-3.927,-3.9462707,-0.038674474,-0.0040928274,-0.0049693608,-0.0048393346
41883.0,182.9082,-3.927,-3.9133186,-0.038444996,-0.0040810704,-0.0049219984,-0.0047238283
41883.0,183.4082,-3.927,-3.884958,-0.038143992,-0.0041123256,-0.0048935651,-0.0046903454
41883.0,183.9082,-3.927,-3.8864036,-0.037395954,-0.0040020272,-0.0049519483,-0.0046725385
41883.0,184.4082,-3.927,-3.9888918,-0.037777424,-0.0040511042,-0.0049566203,-0.0047620162
41883.0,184.9082,-3.927,-3.898438,-0.039216876,-0.0040821508,-0.0049430528,-0.0047239736
41883.0,185.4082,-3.927,-3.8743205,-0.037074089,-0.0040218681,-0.0049613891,-0.0046695061
41883.0,185.9082,-3.927,-3.9626844,-0.038307905,-0.0040595233,-0.0049737222,-0.0046091825
41883.0,186.4082,-3.927,-4.0277596,-0.038313866,-0.0040398985,-0.0049862769,-0.0047544017
41883.0,186.9082,-3.927,-3.9020162,-0.037282705,-0.0039953813,-0.0048268102,-0.0046655536
41883.0,187.4082,-3.927,-3.9077997,-0.038215518,-0.0039761066,-0.0049049356,-0.0045900531
41883.0,187.9082,-3.927,-3.9649103,-0.037536025,-0.0040074885,-0.0048805829,-0.0046424195
41883.0,188.4082,-3.927,-3.9387512,-0.037506223,-0.00400576,-0.0049739415,-0.0046811812
41883.0,188.9082,-3.927,-3.9399974,-0.0387609,-0.0039238408,-0.0047807824,-0.0046499483
41883.0,189.4082,-3.927,-3.9572995,-0.038817525,-0.0039168447,-0.0048063565,-0.0046104826
41883.0,189.9082,-3.927,-4.0067601,-0.037655234,-0.0040078163,-0.0049486356,-0.0047082491
41883.0,190.4082,-3.927,-3.8971026,-0.036975741,-0.0039783269,-0.0047990945,-0.0046116337
41883.0,190.9082,-3.927,-3.9137323,-0.038099289,-0.004032895,-0.0048628915,-0.0045757852
41883.0,191.4082,-3.927,-3.967099,-0.037032366,-0.0039723814,-0.0048302235,-0.0046360865
41883.0,191.9082,-3.927,-3.9391665,-0.036776066,-0.0039493889,-0.0048296824,-0.004684817
41883.0,192.4082,-3.927,-3.8875229,-0.036993623,-0.0039371327,-0.0048069903,-0.0046106279
41883.0,192.9082,-3.927,-3.9459319,-0.03708601,-0.004015632,-0.0048402795,-0.0045785643
41883.0,193.4082,-3.927,-3.9881785,-0.038295984,-0.0038707703,-0.0047671143,-0.0046144873
41883.0,193.9082,-3.927,-3.8927422,-0.037151575,-0.0039139539,-0.0047893771,-0.0045588575
41883.0,194.4082,-3.927,-3.9595218,-0.038087368,-0.0039254576,-0.0047740689,-0.0046982132
41883.0,194.9082,-3.927,-3.9296095,-0.037369132,-0.0039397031,-0.004805631,-0.0045908615
41883.0,195.4082,-3.927,-3.8905368,-0.037816167,-0.0039131865,-0.0047576884,-0.0045020729
41883.0,195.9082,-3.927,-3.9268899,-0.037094951,-0.0038836375,-0.004717242,-0.0045354813
41883.0,196.4082,-3.927,-3.9795916,-0.037968159,-0.0038920715,-0.0047350205,-0.0046364367
41883.0,196.9082,-3.927,-3.9560087,-0.038191676,-0.0039341375,-0.0047364444,-0.0045747831
41883.0,197.4082,-3.927,-3.8577635,-0.037512183,-0.0039348006,-0.0047462718,-0.0044937246
41883.0,197.9082,-3.927,-3.9499588,-0.036939979,-0.0038801655,-0.0047752387,-0.0045681521
41883.0,198.4082,-3.927,-3.9819627,-0.037056208,-0.0038793758,-0.004753381,-0.0045615882
41883.0,198.9082,-3.927,-3.881598,-0.036984682,-0.0039377585,-0.0047143381,-0.0045208223
41883.0,199.4082,-3.927,-3.9202013,-0.036984682,-0.0038897321,-0.0047124564,-0.0045351163
41883.0,199.9082,-3.927,-3.9440746,-0.036272407,-0.0039011836,-0.0048381025,-0.0045017637
41883.0,200.4082,-3.927,-3.9213152,-0.037792325,-0.0038728043,-0.004761498,-0.0045929588
41883.0,200.9082,-3.927,-3.9029884,-0.037965178,-0.0038832575,-0.004730118,-0.0044952221
41883.0,201.4082,-5.7094221,-5.5546312,-0.043901801,-0.0044348985,-0.0053355247,-0.005080685
41883.0,201.9082,-7.6594219,-7.5886102,-0.052252412,-0.005116798,-0.006189466,-0.0058002025
41883.0,202.4082,-9.6094217,-9.7112226,-0.059956312,-0.0059282035,-0.0070123416,-0.0065755993
41883.0,202.9082,-11.559422,-11.712051,-0.066494942,-0.0065892562,-0.0077209384,-0.0073843338
41883.0,203.4082,-13.509422,-13.678743,-0.074252486,-0.007258825,-0.0084618386,-0.008176323
41883.0,203.9082,-15.459422,-15.565272,-0.078770518,-0.0079511926,-0.0091605429,-0.0088360868
41883.0,204.4082,-17.409422,-17.445848,-0.085446239,-0.008661598,-0.0099249082,-0.0095997378
41883.0,204.9082,-19.359423,-19.469744,-0.0911057,-0.00936573,-0.010600632,-0.010425828
41883.0,205.4082,-21.309422,-21.421967,-0.097107887,-0.010091826,-0.011396482,-0.011312922
41883.0,205.9082,-23.259422,-23.294191,-0.10282695,-0.010786705,-0.012052661,-0.011986624
41883.0,206.4082,-25.209423,-25.300701,-0.10882318,-0.011472724,-0.012840404,-0.012853229
41883.0,206.9082,-27.159422,-27.309233,-0.11291206,-0.01222977,-0.013588473,-0.013734097
41883.0,207.4082,-29.109423,-29.168919,-0.1188159,-0.012838013,-0.014240862,-0.014430556
41883.0,207.9082,-31.059423,-31.086592,-0.12350082,-0.013624988,-0.014906429,-0.015178999
41883.0,208.4082,-33.009422,-33.134689,-0.12877882,-0.014371336,-0.015638813,-0.016080011
41883.0,208.9082,-34.959423,-35.027039,-0.13433397,-0.015106164,-0.016364085,-0.016889304
41883.0,209.4082,-36.909424,-36.913616,-0.13830662,-0.015770085,-0.017141139,-0.017663132
41883.0,209.9082,-38.859425,-38.963966,-0.14441311,-0.016640715,-0.017829031,-0.018594289
41883.0,210.4082,-40.809422,-40.878452,-0.14991462,-0.017282836,-0.018568462,-0.019308401
41883.0,210.9082,-42.759422,-42.810314,-0.15389919,-0.017897405,-0.019220347,-0.020062707
41883.0,211.4082,-44.709423,-44.785084,-0.15891492,-0.018729962,-0.020033335,-0.020955654
41883.0,211.9082,-46.659424,-46.754433,-0.16318858,-0.019434743,-0.020816425,-0.021783823
41883.0,212.4082,-48.609425,-48.682381,-0.16887188,-0.020157233,-0.021391015,-0.022560382
41883.0,212.9082,-50.559422,-50.595139,-0.17516017,-0.020852514,-0.022172336,-0.023319062
41883.0,213.4082,-52.509422,-52.606464,-0.17842352,-0.021617815,-0.022891309,-0.024145328
41883.0,213.9082,-54.459423,-54.50177,-0.18337369,-0.022269636,-0.023631226,-0.024976537
41883.0,214.4082,-56.409424,-56.407944,-0.18737316,-0.022972867,-0.024330689,-0.025716659
41883.0,214.9082,-58.359425,-58.483223,-0.19271374,-0.023755796,-0.025067488,-0.026682027
41883.0,215.4082,-60.309422,-60.391247,-0.19597709,-0.024495229,-0.025783341,-0.027416905
41883.0,215.9082,-62.259422,-62.312084,-0.20140707,-0.025232218,-0.026563017,-0.028265957
41883.0,216.4082,-64.209427,-64.24868,-0.20613372,-0.025927335,-0.027292447,-0.029042818
41883.0,216.9082,-66.159424,-66.253098,-0.21134615,-0.026709765,-0.028008886,-0.029921755
41883.0,217.4082,-68.109421,-68.073723,-0.21489561,-0.02736906,-0.028683277,-0.030690748
41883.0,217.9082,-70.059425,-70.036148,-0.2192229,-0.028095588,-0.029425442,-0.031439219
41883.0,218.4082,-72.009422,-72.026535,-0.22378266,-0.028876618,-0.030102553,-0.032274622
41883.0,218.9082,-73.959427,-73.933105,-0.22850633,-0.029545076,-0.030835764,-0.033071592
41883.0,219.4082,-75.909424,-75.922684,-0.23322403,-0.030334197,-0.031615984,-0.033930808
41883.0,219.9082,-77.859421,-77.932617,-0.23825765,-0.031063549,-0.032371156,-0.034754425
41883.0,220.4082,-79.809425,-79.870842,-0.24130642,-0.031778142,-0.033056155,-0.035521109
41883.0,220.9082,-81.759422,-81.800934,-0.24733543,-0.032535851,-0.033798642,-0.036340136
41883.0,221.4082,-83.709427,-83.728432,-0.2514571,-0.03323824,-0.034521207,-0.037100833
41883.0,221.9082,-85.659424,-85.751892,-0.25509298,-0.033942074,-0.035217676,-0.037998725
41883.0,222.4082,-87.609421,-87.674294,-0.25967062,-0.034681328,-0.035990633,-0.038744632
41883.0,222.9082,-89.559425,-89.607903,-0.26342273,-0.035398528,-0.036664139,-0.039564092
41883.0,223.4082,-91.509422,-91.624367,-0.26881695,-0.036201246,-0.037466533,-0.040334906
41883.0,223.9082,-93.459427,-93.554535,-0.27300119,-0.036937021,-0.038212489,-0.041196659
41883.0,224.4082,-95.409424,-95.466934,-0.27762949,-0.037585378,-0.038851574,-0.041988559
41883.0,224.9082,-97.359421,-97.447914,-0.27984977,-0.038449481,-0.039578289,-0.042844947
41883.0,225.4082,-99.309425,-99.386719,-0.28463602,-0.039059803,-0.040307663,-0.043603323
41883.0,225.9082,-101.25942,-101.34665,-0.29031634,-0.039766192,-0.041080207,-0.044407289
41883.0,226.4082,-103.20943,-103.29186,-0.29346049,-0.040563159,-0.041912839,-0.045220882
41883.0,226.9082,-105.15942,-105.2436,-0.29801428,-0.041287646,-0.042512503,-0.045970086
41883.0,227.4082,-107.10942,-107.22008,-0.30315816,-0.042002477,-0.043274853,-0.046899606
41883.0,227.9082,-109.05943,-109.07841,-0.30669868,-0.04271666,-0.043928362,-0.047524083
41883.0,228.4082,-111.00942,-111.07481,-0.31015277,-0.043424323,-0.044731304,-0.048353143
41883.0,228.9082,-112.95943,-113.03417,-0.31477213,-0.044149905,-0.045568816,-0.049194764
41883.0,229.4082,-114.90942,-114.97782,-0.31827092,-0.044893324,-0.046178408,-0.04998599
41883.0,229.9082,-116.85943,-116.92304,-0.32275617,-0.045635611,-0.046973329,-0.050825059
41883.0,230.4082,-118.80943,-118.89279,-0.32679439,-0.046376124,-0.047650121,-0.051513597
41883.0,230.9082,-120.75942,-120.83134,-0.33105612,-0.047018513,-0.048470002,-0.052358754
41883.0,231.4082,-122.70943,-122.75519,-0.3360033,-0.047801331,-0.049218234,-0.053153489
41883.0,231.9082,-124.65942,-124.71201,-0.33903718,-0.04843317,-0.049941275,-0.053929783
41883.0,232.4082,-126.60943,-126.68973,-0.34232736,-0.049243346,-0.050712407,-0.054725315
41883.0,232.9082,-128.55942,-128.64505,-0.34636259,-0.049947158,-0.05134026,-0.055592772
41883.0,233.4082,-130.50943,-130.56398,-0.35078526,-0.050669193,-0.052149449,-0.056329854
41883.0,233.9082,-132.45943,-132.54411,-0.35478771,-0.051436394,-0.052915309,-0.057122439
41883.0,234.4082,-134.40942,-134.4881,-0.3591001,-0.052117392,-0.053621598,-0.057957076
41883.0,234.9082,-136.35942,-136.37451,-0.36260486,-0.052818537,-0.054487899,-0.058703229
41883.0,235.4082,-138.30942,-138.39093,-0.36611259,-0.053577721,-0.055067074,-0.059570707
41883.0,235.9082,-140.25943,-140.34763,-0.37025511,-0.054280579,-0.055866033,-0.060391136
41883.0,236.4082,-142.20943,-142.22826,-0.37425756,-0.055007622,-0.056600213,-0.061092507
41883.0,236.9082,-144.15942,-144.22812,-0.37830174,-0.055659786,-0.057421636,-0.061905921
41883.0,237.4082,-146.0,-146.17049,-0.38137138,-0.056400269,-0.05821573,-0.062748998
41883.0,237.9082,-146.0,-146.05141,-0.38193762,-0.05651921,-0.058188189,-0.062836692
41883.0,238.4082,-146.0,-146.03583,-0.38270354,-0.056625873,-0.058266968,-0.062878117
41883.0,238.9082,-146.0,-146.05351,-0.38230121,-0.056661189,-0.058255602,-0.062949657
41883.0,239.4082,-146.0,-146.01552,-0.3831327,-0.05662787,-0.058279868,-0.062973447
41883.0,239.9082,-146.0,-145.9776,-0.38312376,-0.056702584,-0.058312956,-0.063048974
41883.0,240.4082,-146.0,-146.02586,-0.38282871,-0.056790918,-0.058390047,-0.063095622
41883.0,240.9082,-146.0,-146.02679,-0.38397908,-0.056745857,-0.058498491,-0.063133791
41883.0,241.4082,-146.0,-145.98418,-0.38308799,-0.056846485,-0.058444474,-0.063181534
41883.0,241.9082,-146.0,-145.96706,-0.38379729,-0.056866467,-0.058556788,-0.063154392
41883.0,242.4082,-146.0,-146.01439,-0.38398206,-0.056985348,-0.05854249,-0.06317769
41883.0,242.9082,-146.0,-145.98734,-0.38418174,-0.057024866,-0.058596637,-0.063241482
41883.0,243.4082,-146.0,-145.94185,-0.38370192,-0.057036191,-0.0586842,-0.063181937
41883.0,243.9082,-146.0,-145.99054,-0.38379729,-0.057062343,-0.058622003,-0.063290507
41883.0,244.4082,-146.0,-146.01573,-0.38523972,-0.057001531,-0.058774628,-0.06335336
41883.0,244.9082,-146.0,-145.957,-0.38385689,-0.057028353,-0.058644909,-0.063328147
41883.0,245.4082,-146.0,-145.96625,-0.38495362,-0.057101995,-0.058727469,-0.063389264
41883.0,245.9082,-146.0,-146.02341,-0.38527548,-0.057209209,-0.058879517,-0.063416921
41883.0,246.4082,-146.0,-145.95215,-0.38463175,-0.057152212,-0.058764998,-0.063432232
41883.0,246.9082,-146.0,-145.93642,-0.38493574,-0.057147086,-0.058857962,-0.063450903
41883.0,247.4082,-146.0,-146.03783,-0.38487613,-0.057242244,-0.058841985,-0.063589349
41883.0,247.9082,-146.0,-145.99217,-0.38583875,-0.057273269,-0.058922585,-0.063580669
41883.0,248.4082,-146.0,-145.91693,-0.38495958,-0.057195351,-0.058888681,-0.063486822
41883.0,248.9082,-146.0,-145.98105,-0.385952,-0.057287052,-0.058907185,-0.063538879
41883.0,249.4082,-146.0,-146.01456,-0.38543046,-0.057284728,-0.058977034,-0.063618019
41883.0,249.9082,-146.0,-145.93933,-0.3847301,-0.057316586,-0.058927018,-0.063560978
41883.0,250.4082,-146.0,-145.96155,-0.3847301,-0.0573643,-0.059017066,-0.063632503
41883.0,250.9082,-146.0,-146.02982,-0.38547516,-0.057411745,-0.059076317,-0.063751258
41883.0,251.4082,-146.0,-145.9816,-0.38586557,-0.057360098,-0.059034623,-0.063673347
41883.0,251.9082,-146.0,-145.93329,-0.38557947,-0.057410732,-0.059004314,-0.06367965
41883.0,252.4082,-146.0,-146.0038,-0.38574636,-0.057339087,-0.059004217,-0.063726544
41883.0,252.9082,-146.0,-145.98898,-0.38588941,-0.057480589,-0.059082828,-0.063754626
41883.0,253.4082,-146.0,-145.97459,-0.38645267,-0.057450384,-0.058997091,-0.063737735
41883.0,253.9082,-146.0,-145.97076,-0.38544238,-0.057493269,-0.059144728,-0.063720852
41883.0,254.4082,-146.0,-146.01526,-0.38610399,-0.057526544,-0.059194587,-0.063826993
41883.0,254.9082,-146.0,-145.97957,-0.38558245,-0.05753538,-0.059165921,-0.063870981
41883.0,255.4082,-146.0,-145.96001,-0.38634241,-0.057538047,-0.059169419,-0.063807353
41883.0,255.9082,-146.0,-145.99811,-0.38576424,-0.057605505,-0.059184328,-0.063797638
41883.0,256.4082,-146.0,-145.96407,-0.38746893,-0.057614312,-0.05922056,-0.063868515
41883.0,256.9082,-146.0,-145.96413,-0.38652718,-0.057605475,-0.05926729,-0.063843846
41883.0,257.4082,-146.0,-145.99257,-0.38670897,-0.057646453,-0.059276458,-0.063901536
41883.0,257.9082,-146.0,-146.04205,-0.38685501,-0.057640716,-0.059336081,-0.063973002
41883.0,258.4082,-146.0,-145.95328,-0.38748384,-0.057633102,-0.059177283,-0.06391234
41883.0,258.9082,-146.0,-145.94043,-0.38633347,-0.057657152,-0.059266966,-0.063869126
41883.0,259.4082,-146.0,-146.0078,-0.38658679,-0.057691649,-0.059403367,-0.063939989
41883.0,259.9082,-146.0,-145.97279,-0.38684905,-0.057701275,-0.059214775,-0.063973859
41883.0,260.4082,-146.0,-145.96329,-0.38639903,-0.057779476,-0.059361018,-0.063986674
41883.0,260.9082,-146.0,-145.97826,-0.38670599,-0.057766274,-0.059314702,-0.063951306
41883.0,261.4082,-146.0,-145.95911,-0.38636625,-0.057801247,-0.059324604,-0.063984767
41883.0,261.9082,-146.0,-145.96806,-0.38723052,-0.05776006,-0.059378844,-0.064029247
41883.0,262.4082,-146.0,-145.99054,-0.38621426,-0.05777742,-0.059437044,-0.064101771
41883.0,262.9082,-146.0,-146.03888,-0.38684011,-0.057847202,-0.059544206,-0.064140931
41883.0,263.4082,-146.0,-145.97513,-0.38703084,-0.057860419,-0.059330638,-0.064057805
41883.0,263.9082,-146.0,-145.94797,-0.38688183,-0.057834446,-0.059512109,-0.064064138
41883.0,264.4082,-146.0,-146.00011,-0.38726926,-0.057888418,-0.059481561,-0.064100645
41883.0,264.9082,-146.0,-145.98059,-0.38748085,-0.057893425,-0.059509836,-0.064120695
41883.0,265.4082,-146.0,-145.94614,-0.38727522,-0.057862282,-0.059457097,-0.064166248
41883.0,265.9082,-146.0,-145.98691,-0.38740337,-0.057942182,-0.059511777,-0.064192072
41883.0,266.4082,-146.0,-145.99731,-0.38798451,-0.057945073,-0.059559125,-0.064110085
41883.0,266.9082,-146.0,-145.94301,-0.38693249,-0.05792132,-0.059455983,-0.064182669
41883.0,267.4082,-145.89746,-145.93967,-0.38668215,-0.058042616,-0.05957013,-0.064199321
41883.0,267.9082,-143.39746,-143.43402,-0.38307607,-0.057173237,-0.058681145,-0.063355394
41883.0,268.4082,-140.89746,-140.87277,-0.37907958,-0.056355983,-0.057919312,-0.062408429
41883.0,268.9082,-138.39746,-138.30437,-0.37350059,-0.05551438,-0.057179697,-0.061494842
41883.0,269.4082,-135.89746,-135.81314,-0.36849082,-0.054600015,-0.056174863,-0.060589857
41883.0,269.9082,-133.39746,-133.3459,-0.36510527,-0.053897247,-0.055357799,-0.05973763
41883.0,270.4082,-130.89746,-130.7885,-0.3613025,-0.05297254,-0.054448284,-0.058837526
41883.0,270.9082,-128.39746,-128.30096,-0.35651922,-0.052164212,-0.053616866,-0.057920717
41883.0,271.4082,-125.89746,-125.81866,-0.35065711,-0.051374882,-0.052708372,-0.057002924
41883.0,271.9082,-123.39746,-123.28725,-0.34627616,-0.050561413,-0.051827017,-0.056065232
41883.0,272.4082,-120.89746,-120.76382,-0.34111142,-0.049729109,-0.050961275,-0.0550704
41883.0,272.9082,-118.39746,-118.32412,-0.33744276,-0.048831001,-0.050128669,-0.054201353
41883.0,273.4082,-115.89746,-115.81789,-0.332582,-0.047997043,-0.049300391,-0.053269163
41883.0,273.9082,-113.39746,-113.29255,-0.32776296,-0.047103167,-0.048450232,-0.052408982
41883.0,274.4082,-110.89746,-110.79661,-0.32223463,-0.046292201,-0.047430091,-0.051458281
41883.0,274.9082,-108.39746,-108.3257,-0.3180474,-0.045363992,-0.046669558,-0.050414577
41883.0,275.4082,-105.89746,-105.77435,-0.31267405,-0.044573992,-0.045708168,-0.049456656
41883.0,275.9082,-103.39746,-103.25575,-0.30718744,-0.043633685,-0.044820897,-0.048522413
41883.0,276.4082,-100.89746,-100.79913,-0.30202568,-0.042788699,-0.0440192,-0.047577538
41883.0,276.9082,-98.397461,-98.331566,-0.2987951,-0.041914091,-0.043022409,-0.046612158
41883.0,277.4082,-95.897461,-95.806221,-0.29267967,-0.04108689,-0.042143319,-0.04568278
41883.0,277.9082,-93.397461,-93.270294,-0.28730929,-0.040090084,-0.041195817,-0.04460156
41883.0,278.4082,-90.897461,-90.796638,-0.28201342,-0.039285704,-0.040299896,-0.04366561
41883.0,278.9082,-88.397461,-88.308838,-0.27707219,-0.038315803,-0.039462231,-0.042721573
41883.0,279.4082,-85.897461,-85.805229,-0.27197599,-0.03748519,-0.038481474,-0.041740995
41883.0,279.9082,-83.397461,-83.34095,-0.26659966,-0.036590822,-0.037658144,-0.040636364
41883.0,280.4082,-80.897461,-80.77549,-0.26138425,-0.035563231,-0.036688216,-0.039630707
41883.0,280.9082,-78.397461,-78.241486,-0.25530457,-0.03469459,-0.035800144,-0.038683567
41883.0,281.4082,-75.897461,-75.807014,-0.25132596,-0.033799015,-0.034962896,-0.037632365
41883.0,281.9082,-73.397461,-73.340752,-0.24410486,-0.032920875,-0.034124978,-0.036715001
41883.0,282.4082,-70.897461,-70.834816,-0.23880005,-0.031979434,-0.033240736,-0.035658196
41883.0,282.9082,-68.397461,-68.311081,-0.23445189,-0.031056009,-0.032168016,-0.034530211
41883.0,283.4082,-65.897461,-65.845512,-0.22840798,-0.030024394,-0.031428561,-0.033487797
41883.0,283.9082,-63.397461,-63.400608,-0.22236705,-0.029130332,-0.030481236,-0.032567218
41883.0,284.4082,-60.897461,-60.867786,-0.21561682,-0.028188318,-0.029629797,-0.031511366
41883.0,284.9082,-58.397461,-58.395145,-0.21054745,-0.027161084,-0.028687911,-0.030490503
41883.0,285.4082,-55.897461,-55.857533,-0.20473301,-0.026186198,-0.027643979,-0.029342568
41883.0,285.9082,-53.397461,-53.311703,-0.19793212,-0.025265776,-0.026795521,-0.028284967
41883.0,286.4082,-50.897461,-50.785908,-0.19174218,-0.024237402,-0.025771564,-0.027238287
41883.0,286.9082,-48.397461,-48.397648,-0.18586814,-0.023233615,-0.024933746,-0.026203129
41883.0,287.4082,-45.897461,-45.891865,-0.17912686,-0.022322521,-0.024019515,-0.025177442
41883.0,287.9082,-43.397461,-43.309589,-0.17277002,-0.021313921,-0.022905881,-0.024028664
41883.0,288.4082,-40.897461,-40.824211,-0.16573668,-0.020366877,-0.022031073,-0.022898955
41883.0,288.9082,-38.397461,-38.343262,-0.16025901,-0.019311786,-0.021101419,-0.021909438
41883.0,289.4082,-35.897461,-35.841438,-0.15318096,-0.018384084,-0.020026762,-0.020810716
41883.0,289.9082,-33.397461,-33.328606,-0.14596581,-0.017356358,-0.019037103,-0.019641383
41883.0,290.4082,-30.897461,-30.841635,-0.13711154,-0.016351283,-0.018104773,-0.018525034
41883.0,290.9082,-28.397461,-28.337309,-0.13106763,-0.015363276,-0.017104574,-0.017459111
41883.0,291.4082,-25.897461,-25.810324,-0.12412071,-0.014272034,-0.016104661,-0.016305164
41883.0,291.9082,-23.397461,-23.411024,-0.11779964,-0.013339885,-0.015038473,-0.015230637
41883.0,292.4082,-20.897461,-20.871487,-0.10990798,-0.0122853,-0.014004607,-0.014043225
41883.0,292.9082,-18.397461,-18.296961,-0.10209382,-0.011264712,-0.013020644,-0.01288298
41883.0,293.4082,-15.897461,-15.84282,-0.093895197,-0.010317065,-0.012042356,-0.011726232
41883.0,293.9082,-13.397461,-13.390389,-0.085201859,-0.0092745945,-0.010908185,-0.010557435
41883.0,294.4082,-10.897461,-10.900106,-0.075569749,-0.008264266,-0.0098438272,-0.0094647594
41883.0,294.9082,-8.3974609,-8.3762646,-0.066417456,-0.0072488934,-0.0085883392,-0.008226499
41883.0,295.4082,-5.8974609,-5.9676075,-0.054776669,-0.0062230825,-0.0074749002,-0.0071729459
41883.0,295.9082,-3.3974609,-3.4647398,-0.042358041,-0.00524088,-0.0062375111,-0.0060548633
41883.0,296.4082,-1.0,-1.5984251,-0.028732419,-0.0046133175,-0.0051255147,-0.0052218102
41883.0,296.9082,-1.0,-1.0812469,-0.02335012,-0.0043413937,-0.0048494986,-0.0048663467
41883.0,297.4082,-1.0,-0.80943668,-0.020799041,-0.0041864514,-0.0045216247,-0.0045397356
41883.0,297.9082,-1.0,-0.76786613,-0.019565225,-0.00412222,-0.0045905812,-0.0045683235
41883.0,298.4082,-1.0,-0.85484612,-0.019803643,-0.0041236728,-0.004529424,-0.0045301244
41883.0,298.9082,-1.0,-0.91318041,-0.019749999,-0.004125461,-0.00445265,-0.0044301562
41883.0,299.4082,-1.0,-0.91298109,-0.019583106,-0.0040770769,-0.0044314247,-0.0045435093
41883.0,299.9082,-1.0,-0.8906126,-0.020176172,-0.0040219948,-0.0043857074,-0.004388243
41883.0,300.4082,-1.0,-0.93626231,-0.01975894,-0.0040553361,-0.0043728761,-0.0043428913
41883.0,300.9082,-1.0,-0.9490121,-0.020354986,-0.0040434003,-0.0044384133,-0.0043587647
41883.0,301.4082,-1.0,-0.9309966,-0.020444393,-0.0040237382,-0.0042796587,-0.0043088794
41883.0,301.9082,-1.0,-0.96766466,-0.020009279,-0.0039830133,-0.0043699848,-0.004346855
41883.0,302.4082,-1.0,-1.018051,-0.019553304,-0.0039736703,-0.0043209158,-0.0043844767
41883.0,302.9082,-1.0,-0.98411179,-0.020173192,-0.0040627122,-0.0043748021,-0.0043742992
41883.0,303.4082,-1.0,-0.97278321,-0.020301342,-0.0039600804,-0.0043509123,-0.0043003522
41883.0,303.9082,-1.0,-1.0077581,-0.018590689,-0.0039199218,-0.004228849,-0.0042549111
41883.0,304.4082,-1.0,-0.98010898,-0.019529462,-0.0039368644,-0.0042687026,-0.004224021
41883.0,304.9082,-1.0,-0.95072949,-0.019806623,-0.0038771257,-0.0042372337,-0.0042125732
41883.0,305.4082,-1.0,-0.97278506,-0.019216537,-0.0038854703,-0.0042056008,-0.0042676926
41883.0,305.9082,-1.0,-0.99815428,-0.019723177,-0.0039165914,-0.0042095869,-0.0042236224
41883.0,306.4082,-1.0,-0.97691643,-0.018665195,-0.0038923174,-0.0041309986,-0.0042147376
41883.0,306.9082,-1.0,-1.0024924,-0.018438697,-0.0039101392,-0.0042890301,-0.004216481
41883.0,307.4082,-1.0,-1.0327641,-0.018361211,-0.0038981885,-0.004161241,-0.0041467249
41883.0,307.9082,-1.0,-0.98720938,-0.018909574,-0.003836669,-0.0041274684,-0.0041223951
41883.0,308.4082,-1.0,-0.94410408,-0.019431114,-0.0038398653,-0.0041020322,-0.0040820017
41883.0,308.9082,-1.0,-0.98546034,-0.018551946,-0.0037932172,-0.0040924484,-0.0041137151
41883.0,309.4082,-1.0,-1.0008793,-0.018572807,-0.0037698746,-0.0041143987,-0.0041340776
41883.0,309.9082,-1.0,-0.95813906,-0.019770861,-0.0037916452,-0.0041516218,-0.0040740445
41883.0,310.4082,-1.0,-0.9580422,-0.017786026,-0.0038402379,-0.0041230884,-0.0041163079
41883.0,310.9082,-1.0,-0.99529326,-0.018340349,-0.003739804,-0.0040378501,-0.0040985979
41883.0,311.4082,-1.0,-0.99186784,-0.019541383,-0.003760688,-0.0041164514,-0.0040489435
41883.0,311.9082,-1.0,-0.9509176,-0.018328428,-0.0037415028,-0.0040356116,-0.0040220544
41883.0,312.4082,-1.0,-0.99450165,-0.018337369,-0.0037670285,-0.0039468375,-0.0041073672
41883.0,312.9082,-1.0,-1.0073502,-0.019127131,-0.0038148314,-0.0040535652,-0.0041037686
41883.0,313.4082,-1.0,-0.97185373,-0.018996,-0.0038023219,-0.0039984146,-0.0040517673
41883.0,313.9082,-1.0,-0.98947251,-0.019067526,-0.0037279278,-0.0040941867,-0.0040992014
41883.0,314.4082,-1.0,-1.0440965,-0.018927455,-0.003732428,-0.0040822495,-0.0040491968
41883.0,314.9082,-1.0,-0.99166483,-0.018209219,-0.0037280321,-0.0040046819,-0.0040741302
41883.0,315.4082,-1.0,-0.98378956,-0.018492341,-0.0036759302,-0.0039733392,-0.0040433966
41883.0,315.9082,-1.0,-0.98853183,-0.019538403,-0.0037473589,-0.0039533391,-0.0039727166
41883.0,316.4082,-1.0,-0.98976123,-0.018963218,-0.0036689267,-0.0040165484,-0.004017394
41883.0,316.9082,-1.0,-0.91880929,-0.01835227,-0.0037232488,-0.0038839385,-0.0038667768
41883.0,317.4082,-1.0,-0.95876682,-0.018635392,-0.0037255287,-0.0039868886,-0.0039904825
41883.0,317.9082,-1.0,-0.99249184,-0.018385053,-0.0037031621,-0.0039944067,-0.0039708838
41883.0,318.4082,-1.0,-0.96774471,-0.018402934,-0.0036277771,-0.0040081306,-0.0039594695
41883.0,318.9082,-1.0,-0.94409472,-0.018027425,-0.0036943108,-0.0039768214,-0.0040083081
41883.0,319.4082,-1.0,-0.98957491,-0.018590689,-0.0036838204,-0.0038503518,-0.0039627925
41883.0,319.9082,-1.0,-1.0146741,-0.016954541,-0.0036114678,-0.0039473264,-0.0039702281
41883.0,320.4082,-1.0,-0.99612772,-0.019079447,-0.0036511049,-0.003906006,-0.0039708018
41883.0,320.9082,-1.0,-0.98701006,-0.018513203,-0.0036336854,-0.0038727133,-0.0039265975
41883.0,321.4082,-1.0,-0.99178779,-0.017997622,-0.0036159232,-0.0039646327,-0.0039598122
41883.0,321.9082,-1.0,-0.95760262,-0.017651916,-0.0036080629,-0.0039173001,-0.0038338229
41883.0,322.4082,-1.0,-0.94486028,-0.018200278,-0.0035764948,-0.0038908692,-0.0039077215
41883.0,322.9082,-1.0,-0.99383295,-0.01822412,-0.0036591589,-0.0039565219,-0.0039407238
41883.0,323.4082,-1.0,-1.0047481,-0.018575788,-0.0035813972,-0.0038441909,-0.0039405487
41883.0,323.9082,-1.0,-0.93999505,-0.017502904,-0.0035952926,-0.0038809695,-0.0039341599
41883.0,324.4082,-1.0,-0.98083544,-0.018137693,-0.0036893412,-0.0039131078,-0.0039203428
41883.0,324.9082,-1.0,-1.0433979,-0.017410517,-0.0035730451,-0.0039138161,-0.003969416
41883.0,325.4082,-1.0,-0.99095142,-0.018393993,-0.0036362335,-0.0038756246,-0.0039576963
41883.0,325.9082,-1.0,-0.95435047,-0.01783371,-0.0035553053,-0.003872955,-0.0039027035
41883.0,326.4082,-1.0,-0.99181384,-0.019025803,-0.0035485178,-0.0039509092,-0.0038498379
41883.0,326.9082,-1.0,-0.97576153,-0.016835332,-0.0035849214,-0.0038071759,-0.0038785748
41883.0,327.4082,-1.0,-0.94094127,-0.0179708,-0.003561601,-0.003843081,-0.0038410015
41883.0,327.9082,-1.0,-0.97639298,-0.017926097,-0.0036042482,-0.0038005037,-0.0038682297
41883.0,328.4082,-1.0,-1.0001901,-0.018486381,-0.0036448017,-0.0037851122,-0.0038601235
41883.0,328.9082,-1.0,-0.98697281,-0.01731813,-0.0035599172,-0.0039423425,-0.0038968436
41883.0,329.4082,-1.0,-0.9784084,-0.018197298,-0.0035452098,-0.0038476153,-0.0039150305
41883.0,329.9082,-1.0,-1.0375828,-0.018075109,-0.0035874471,-0.003841443,-0.0039188787
41883.0,330.4082,-1.0,-1.0083039,-0.018852949,-0.0035331175,-0.0038492216,-0.0038447678
41883.0,330.9082,-1.0,-0.95026755,-0.018340349,-0.0034724548,-0.0039118901,-0.0038003847
41883.0,331.4082,-1.0,-0.98764151,-0.017499924,-0.0035851523,-0.0038893169,-0.0038021207
41883.0,331.9082,-1.0,-1.001317,-0.018185377,-0.0035497472,-0.0038232219,-0.0038103685
41883.0,332.4082,-1.0,-0.95258838,-0.018119812,-0.0035267845,-0.0038271651,-0.0038121417
41883.0,332.9082,-1.0,-0.94580835,-0.017693639,-0.0035305768,-0.0037442564,-0.0037567168
41883.0,333.4082,-1.0,-1.0022819,-0.018164515,-0.0035031065,-0.0038526719,-0.0038035139
41883.0,333.9082,-1.0,-0.98238516,-0.017362833,-0.0034724846,-0.0038023237,-0.0038269348
41883.0,334.4082,-1.0,-0.94651246,-0.017482042,-0.0035896972,-0.0038040732,-0.0037927181
41883.0,334.9082,-1.0,-0.98882246,-0.01809001,-0.0035178214,-0.0038428672,-0.0038331859
41883.0,335.4082,-1.0,-1.0052956,-0.017464161,-0.0035651252,-0.0038337891,-0.0038212277
41883.0,335.9082,-1.0,-0.97256529,-0.01643002,-0.0035246387,-0.0038313759,-0.0037986152
41883.0,336.4082,-1.0,-0.98110175,-0.017473102,-0.0034951344,-0.0037864004,-0.0038417391
41883.0,336.9082,-1.0,-1.0173004,-0.017681718,-0.0034828857,-0.0037666382,-0.0038351081
41883.0,337.4082,-1.0,-0.99780411,-0.016796589,-0.0035413802,-0.0037839056,-0.0037940443
41883.0,337.9082,-1.0,-0.96536803,-0.018316507,-0.0035628155,-0.0037332599,-0.0037734918
41883.0,338.4082,-1.0,-0.99874103,-0.018236041,-0.0035349801,-0.0038521274,-0.0037883148
41883.0,338.9082,-1.0,-1.0228492,-0.017145276,-0.0035131276,-0.003830214,-0.0037873127
41883.0,339.4082,-1.0,-0.95771068,-0.018048286,-0.0035154149,-0.0036998908,-0.0037746169
41883.0,339.9082,-1.0,-0.98475999,-0.017493963,-0.0035043135,-0.0037520926,-0.0037677512
41883.0,340.4082,-1.0,-1.0101739,-0.017410517,-0.003513217,-0.003727939,-0.0037744418
41883.0,340.9082,-1.0,-0.99162757,-0.017693639,-0.0035055876,-0.003830835,-0.0037979558
41883.0,341.4082,-1.0,-0.95585173,-0.016999245,-0.0034440681,-0.0037430925,-0.0037064105
41883.0,341.9082,-1.0,-0.98903662,-0.017186999,-0.0035821646,-0.0037973302,-0.0037661269
41883.0,342.4082,-1.0,-1.0080785,-0.017011166,-0.0034503341,-0.0037552679,-0.0037336648
41883.0,342.9082,-1.0,-0.95029545,-0.017404556,-0.0034347996,-0.0037284968,-0.0037514158
41883.0,343.4082,-1.0,-0.9720549,-0.017830729,-0.0034664497,-0.0037800053,-0.0037416741
41883.0,343.9082,-1.0,-1.0250993,-0.018069148,-0.0035021529,-0.0037792262,-0.0037649088
41883.0,344.4082,-1.0,-0.9830929,-0.016853213,-0.0034610182,-0.0037599343,-0.0037451722
41883.0,344.9082,-1.0,-0.9572953,-0.016385317,-0.0034643784,-0.0038237146,-0.003725782
41883.0,345.4082,-1.0,-1.0094736,-0.017276406,-0.0034816414,-0.0037576233,-0.0037497021
41883.0,345.9082,-1.0,-1.0146033,-0.017106533,-0.0035111532,-0.0037740206,-0.0037800185
41883.0,346.4082,-1.0,-0.97677857,-0.017505884,-0.0034267455,-0.0037145312,-0.0037307814
41883.0,346.9082,-1.0,-1.0022149,-0.017249584,-0.0034610331,-0.0037689491,-0.0036804453
41883.0,347.4082,-1.0,-1.0344982,-0.016456842,-0.0035065711,-0.0037625667,-0.0037749819
41883.0,347.9082,-1.0,-1.0199696,-0.016185641,-0.00346414,-0.003699556,-0.0037390441
41883.0,348.4082,-1.0,-1.0203086,-0.017210841,-0.0035659373,-0.0038107715,-0.003768269
41883.0,348.9082,-1.0,-1.0477622,-0.017389655,-0.0034947619,-0.0037933183,-0.0037962943
41883.0,349.4082,-1.0,-1.0262486,-0.017058849,-0.0035096332,-0.0037547939,-0.0037769526
41883.0,349.9082,-1.0,-0.99640155,-0.018146634,-0.0034623221,-0.0037426408,-0.0037154667
41883.0,350.4082,-1.0,-1.0048896,-0.016459823,-0.0034659281,-0.0037240181,-0.0036927871
41883.0,350.9082,-1.0,-1.014987,-0.016108155,-0.0034474432,-0.0037069051,-0.0036903471
41883.0,351.4082,-1.0,-0.96441436,-0.01694262,-0.0034567788,-0.0036373634,-0.0036107823
41883.0,351.9082,-1.0,-0.9753648,-0.016143918,-0.0033546761,-0.0037118448,-0.0037011169
41883.0,352.4082,-1.0,-1.0086372,-0.016438961,-0.0034505725,-0.0037441319,-0.0036692731
41883.0,352.9082,-1.0,-0.98175555,-0.016957521,-0.0034547076,-0.0036705225,-0.0037038364
41883.0,353.4082,-1.0,-0.97455269,-0.01681149,-0.0034128651,-0.0037317483,-0.0036663637
41883.0,353.9082,-1.0,-0.99264646,-0.016322732,-0.0034086257,-0.0036639355,-0.0036653355
41883.0,354.4082,-1.0,-1.0104849,-0.016888976,-0.0034161359,-0.0037147338,-0.0036661997
41883.0,354.9082,-1.0,-0.94226003,-0.016510487,-0.0033776835,-0.0036350822,-0.0036435984
41883.0,355.4082,-1.0,-0.96747464,-0.016358495,-0.0034269765,-0.0037042205,-0.0036420375
41883.0,355.9082,-1.0,-1.0171514,-0.017529726,-0.0033475831,-0.0037083961,-0.0036859922
41883.0,356.4082,-1.0,-0.98541379,-0.015977025,-0.0033737496,-0.0037979975,-0.0036545694
41883.0,356.9082,-1.0,-0.96842462,-0.017333031,-0.0034139305,-0.0038019351,-0.0036557205
41883.0,357.4082,-1.0,-1.0203645,-0.015935302,-0.0033498257,-0.0036788345,-0.0036676563
41883.0,357.9082,-1.0,-0.99964255,-0.015997887,-0.0034351945,-0.0036661553,-0.0036833361
41883.0,358.4082,-1.0,-0.95991045,-0.016304851,-0.0033518299,-0.0037043563,-0.0036567561
41883.0,358.9082,-1.0,-1.0049995,-0.016838312,-0.0034506023,-0.0037016755,-0.003680408
41883.0,359.4082,-1.0,-1.0511875,-0.017917156,-0.0034283251,-0.0037112944,-0.0037381351
41883.0,359.9082,-1.0,-1.006376,-0.015762448,-0.0034424737,-0.0036945178,-0.0037404262
41883.0,360.4082,-1.0,-0.99356842,-0.015997887,-0.0034127384,-0.0036639115,-0.00368632
41883.0,360.9082,-1.0,-1.0411329,-0.016754866,-0.0033913329,-0.0035987312,-0.003728997
41883.0,361.4082,-1.0,-1.0052081,-0.01552403,-0.0034265965,-0.0036925473,-0.0036989041
41883.0,361.9082,-1.0,-0.97484887,-0.016951561,-0.0034164786,-0.0037417151,-0.0035723783
41883.0,362.4082,-1.0,-0.9893961,-0.016084313,-0.0034239963,-0.003659853,-0.0036629587
41883.0,362.9082,-1.0,-0.99996853,-0.016644597,-0.0033670664,-0.003669695,-0.0036239028
41883.0,363.4082,-1.0,-0.93874705,-0.016337633,-0.0033741146,-0.0036668284,-0.0036040954
41883.0,363.9082,-1.0,-0.96063316,-0.017377734,-0.0034247562,-0.0036251305,-0.0036259107
41883.0,364.4082,-1.0,-1.000667,-0.016501546,-0.0034133494,-0.0035360402,-0.0036336891
41883.0,364.9082,-1.0,-0.96590632,-0.016638637,-0.0033674911,-0.0036674512,-0.0036422201
41883.0,365.4082,-1.0,-0.93262267,-0.016337633,-0.00344152,-0.0037609197,-0.0035841689
41883.0,365.9082,-1.0,-0.97998607,-0.016626716,-0.0033768043,-0.0036264057,-0.003636416
41883.0,366.4082,-1.0,-0.9688679,-0.016692281,-0.0034073815,-0.0037206253,-0.0035874248
41883.0,366.9082,-1.0,-0.92988086,-0.016400218,-0.0033608899,-0.0036431323,-0.0035863891
41883.0,367.4082,-1.0,-0.96271002,-0.015816092,-0.0033921972,-0.0036998461,-0.0036024824
41883.0,367.9082,-1.0,-1.0103527,-0.01513958,-0.0034157485,-0.003584929,-0.0036178678
41883.0,368.4082,-1.0,-0.94692409,-0.015452504,-0.0033961013,-0.0037328247,-0.0036193877
41883.0,368.9082,-1.0,-0.96806139,-0.016608834,-0.0033350065,-0.0036803756,-0.0036109649
41883.0,369.4082,-1.0,-1.0135342,-0.016477704,-0.0033262148,-0.0036892381,-0.0035954379
41883.0,369.9082,-1.0,-0.99128854,-0.016030669,-0.0033893138,-0.0036937166,-0.0036397837
41883.0,370.4082,-1.0,-0.97015315,-0.016471744,-0.0033538342,-0.0035989431,-0.0035915859
41883.0,370.9082,-1.0,-1.0283831,-0.015416741,-0.0033473596,-0.0037004857,-0.0036898777
41883.0,371.4082,-1.0,-1.0369886,-0.016736984,-0.0033950731,-0.003748564,-0.0036551282
41883.0,371.9082,-1.0,-0.98081493,-0.016838312,-0.0034634247,-0.0036355285,-0.0036045909
41883.0,372.4082,-1.0,-0.98475999,-0.016486645,-0.0034169555,-0.0036297,-0.0036095493
41883.0,372.9082,-1.0,-1.0272059,-0.015497208,-0.0033262074,-0.0036246823,-0.0036058165
41883.0,373.4082,-1.0,-0.9958297,-0.015348196,-0.0034001619,-0.0037181359,-0.0036344752
41883.0,373.9082,-1.0,-0.96837246,-0.016993284,-0.0033284351,-0.0037285062,-0.003582608
41883.0,374.4082,-1.0,-1.0023061,-0.014936924,-0.0033724979,-0.0036694459,-0.0035718977
41883.0,374.9082,-1.0,-1.0041353,-0.015243888,-0.003334783,-0.0036206648,-0.0035418533
41883.0,375.4082,-1.0,-0.95827317,-0.016739964,-0.0032711253,-0.0035181816,-0.0034918301
41883.0,375.9082,-1.0,-0.9727143,-0.016230345,-0.0033323541,-0.0036269263,-0.003580302
41883.0,376.4082,-1.0,-1.0119472,-0.016337633,-0.0034101754,-0.0037592575,-0.0035774782
41883.0,376.9082,-1.0,-0.97092986,-0.016134977,-0.0033832937,-0.0036427863,-0.003601823
41883.0,377.4082,-1.0,-0.95733815,-0.015282631,-0.003317751,-0.0036878586,-0.0035485625
41883.0,377.9082,-1.0,-0.99502689,-0.016260147,-0.0033739954,-0.0036434277,-0.0035719424
41883.0,378.4082,-1.0,-1.0145661,-0.016787648,-0.0033506826,-0.0036371923,-0.0036295503
41883.0,378.9082,-1.0,-0.99346602,-0.016388297,-0.0034004673,-0.0037258142,-0.0036330223
41883.0,379.4082,-1.0,-1.0167509,-0.015798211,-0.0033656433,-0.0035943715,-0.0036005713
41883.0,379.9082,-1.0,-1.0048449,-0.015708804,-0.0033943653,-0.00370077,-0.0035946257
41883.0,380.4082,-1.0,-0.98865664,-0.014993548,-0.0033395737,-0.0035713019,-0.0036292709
41883.0,380.9082,-1.0,-0.98685175,-0.015386939,-0.0033102036,-0.0036772543,-0.003537111
41883.0,381.4082,-1.0,-1.0330882,-0.015941262,-0.0033174753,-0.0037202535,-0.0035731681
41883.0,381.9082,-1.0,-0.99632514,-0.015947223,-0.0032899901,-0.0036788716,-0.0035814121
41883.0,382.4082,-1.0,-0.97161901,-0.015825033,-0.0033657104,-0.0036284823,-0.0035572313
41883.0,382.9082,-1.0,-1.0117478,-0.015905499,-0.0032944158,-0.003568372,-0.0035681911
41883.0,383.4082,-1.0,-1.0235236,-0.016796589,-0.0033027604,-0.0036104324,-0.0035578571
41883.0,383.9082,-1.0,-0.97865236,-0.016734004,-0.0032985061,-0.0036328717,-0.0035819076
41883.0,384.4082,-1.0,-0.99808908,-0.015985966,-0.0033373535,-0.0036439614,-0.0035578534
41883.0,384.9082,-1.0,-1.0373573,-0.015681982,-0.0033379421,-0.0036543147,-0.0035471693
41883.0,385.4082,-1.0,-1.0135565,-0.016066432,-0.0032820404,-0.003565206,-0.0035586879
41883.0,385.9082,-1.0,-1.0048021,-0.014933944,-0.0032721534,-0.0036068796,-0.0035689399
41883.0,386.4082,-1.0,-1.0304805,-0.015854836,-0.0033390373,-0.0036456382,-0.0035889857
41883.0,386.9082,-1.0,-1.0310133,-0.015479326,-0.0032723844,-0.0035798911,-0.0035766624
41883.0,387.4082,-1.0,-0.9926874,-0.0151366,-0.0032716319,-0.0035809935,-0.0035199597
41883.0,387.9082,-1.0,-1.0363032,-0.01552403,-0.0033011511,-0.0036050037,-0.0035973378
41883.0,388.4082,-1.0,-1.0558739,-0.015121698,-0.0033085197,-0.0036679716,-0.0036063306
41883.0,388.9082,-1.0,-1.0252316,-0.016024709,-0.0032994226,-0.0036232192,-0.0035786182
41883.0,389.4082,-1.0,-1.0284725,-0.015413761,-0.0032937676,-0.0035430286,-0.0035905838
41883.0,389.9082,-1.0,-1.0606627,-0.016033649,-0.0033176318,-0.0036418177,-0.0035755672
41883.0,390.4082,-1.0,-1.0399501,-0.014299154,-0.0032923669,-0.0035798296,-0.0035685599
41883.0,390.9082,-1.0,-0.99298543,-0.01591444,-0.0032453239,-0.0035731981,-0.0035171285
41883.0,391.4082,-1.0,-1.0490884,-0.016096234,-0.003224887,-0.0035166033,-0.0035597347
41883.0,391.9082,-1.0,-1.0538939,-0.015798211,-0.0032886118,-0.0035908578,-0.0035442002
41883.0,392.4082,-1.0,-0.99376214,-0.015106797,-0.0033131093,-0.003688552,-0.0035194941
41883.0,392.9082,-1.0,-0.98530018,-0.015380979,-0.003322348,-0.0035819453,-0.0035446361
41883.0,393.4082,-1.0,-1.0488722,-0.014668703,-0.0033528879,-0.0036190939,-0.0035634413
41883.0,393.9082,-1.0,-0.9893682,-0.015237927,-0.0033092573,-0.0035959072,-0.0035010278
41883.0,394.4082,-1.0,-0.98721498,-0.0151366,-0.0033063516,-0.0035321324,-0.0035156533
41883.0,394.9082,-1.0,-1.0103546,-0.016099215,-0.0032152757,-0.0036340207,-0.0034715384
41883.0,395.4082,-1.0,-1.0176562,-0.01578629,-0.0032795966,-0.003561523,-0.0034947991
41883.0,395.9082,-1.0,-0.96768141,-0.01539886,-0.0032410324,-0.0035663715,-0.003524702
41883.0,396.4082,-1.0,-0.98058212,-0.015521049,-0.0032290444,-0.0035069024,-0.003476914
41883.0,396.9082,-1.0,-1.0119901,-0.015363097,-0.0032517388,-0.0036356864,-0.0035305433
41883.0,397.4082,-1.0,-0.98982084,-0.015875697,-0.0032121688,-0.0036524816,-0.0034890175
41883.0,397.9082,-1.0,-0.97724611,-0.015190244,-0.0031949878,-0.0035251719,-0.0034554005
41883.0,398.4082,-1.0,-1.0015312,-0.016224384,-0.0032675564,-0.0035989319,-0.0034846626
41883.0,398.9082,-1.0,-0.99869633,-0.013685226,-0.003259033,-0.0035511306,-0.0034580193
41883.0,399.4082,-1.0,-0.96136516,-0.015288591,-0.0032469854,-0.0035571819,-0.0034712963
41883.0,399.9082,-1.0,-0.98988229,-0.01617372,-0.0032618344,-0.0035936185,-0.0034802705
41883.0,400.4082,-1.0,-1.0271798,-0.016224384,-0.0032737777,-0.0036312675,-0.0034830272
41883.0,400.9082,-1.0,-0.98163074,-0.016719103,-0.0033006817,-0.0035531365,-0.0034762509
41883.0,401.4082,-1.0,-0.94903076,-0.015097857,-0.0032479838,-0.0034822992,-0.003430631
41883.0,401.9082,-1.0,-0.99240428,-0.015050173,-0.0032419562,-0.0035525248,-0.0034806542
41883.0,402.4082,-1.0,-0.99282151,-0.014644861,-0.0032044947,-0.0035232087,-0.0034184344
41883.0,402.9082,-1.0,-0.94989312,-0.015798211,-0.003210634,-0.0034513951,-0.0034507066
41883.0,403.4082,-1.0,-0.95181727,-0.015130639,-0.0032781214,-0.0035222252,-0.0034082457
41883.0,403.9082,-1.0,-0.97602791,-0.015637279,-0.003188394,-0.0035649568,-0.0034216605
41883.0,404.4082,-1.0,-0.93972498,-0.016480684,-0.0032476857,-0.0035330267,-0.0034222566
41883.0,404.9082,-1.0,-0.94070661,-0.015950203,-0.0031744614,-0.0035606008,-0.0033811592
41883.0,405.4082,-1.0,-0.98154879,-0.015547872,-0.003179051,-0.0034830242,-0.0034058392
41883.0,405.9082,-1.0,-0.98012203,-0.015923381,-0.0031962022,-0.0035504131,-0.0034355707
41883.0,406.4082,-1.0,-0.9650737,-0.014820695,-0.0031916499,-0.003482128,-0.0034129545
41883.0,406.9082,-1.0,-0.99272096,-0.01514256,-0.0032484904,-0.0035135469,-0.0034670904
41883.0,407.4082,-1.0,-1.0249038,-0.016379356,-0.0031811446,-0.0035443206,-0.0035226531
41883.0,407.9082,-1.0,-0.98661149,-0.015750527,-0.0032185167,-0.0035186948,-0.0034676902
41883.0,408.4082,-1.0,-0.99118054,-0.014564395,-0.0032107681,-0.0035803968,-0.003494788
41883.0,408.9082,-1.0,-1.0257885,-0.016435981,-0.0032049417,-0.0035592995,-0.0035150126
41883.0,409.4082,-1.0,-1.006646,-0.015097857,-0.0032024458,-0.0035657692,-0.0035139136
41883.0,409.9082,-1.0,-0.96275097,-0.014945865,-0.0032450482,-0.0034772833,-0.0034700111
41883.0,410.4082,-1.0,-1.0288265,-0.015634298,-0.0032551289,-0.0035270031,-0.0035594702
41883.0,410.9082,-1.0,-1.0349844,-0.01540482,-0.003284432,-0.0035663436,-0.0035207421
41883.0,411.4082,-1.0,-0.98139977,-0.01565814,-0.0032400563,-0.0035597289,-0.0034932457
41883.0,411.9082,-1.0,-0.98435396,-0.01514852,-0.0032172203,-0.0035846522,-0.0034970008
41883.0,412.4082,-1.0,-1.0235701,-0.015580654,-0.0032710359,-0.003476863,-0.0035240129
41883.0,412.9082,-1.0,-0.97715294,-0.015339255,-0.0031587407,-0.0035262688,-0.0034612045
41883.0,413.4082,-1.0,-0.96596408,-0.015065074,-0.0031929612,-0.0035551537,-0.0034647062
41883.0,413.9082,-1.0,-1.0029618,-0.014749169,-0.0032658651,-0.0034738178,-0.003488306
41883.0,414.4082,-1.0,-1.0052472,-0.015032291,-0.0032227039,-0.0034990255,-0.0034781955
41883.0,414.9082,-1.0,-0.96749139,-0.014528632,-0.0031980276,-0.0035216564,-0.0034153424
41883.0,415.4082,-1.0,-0.97427893,-0.01566112,-0.0031786859,-0.003478752,-0.0033770315
41883.0,415.9082,-1.0,-1.0018982,-0.014990568,-0.0032404885,-0.0034565653,-0.0034138374
41883.0,416.4082,-1.0,-0.9617489,-0.01578033,-0.003183715,-0.0035675948,-0.0033972077
41883.0,416.9082,-1.0,-0.94991553,-0.015321374,-0.0031885728,-0.0034899325,-0.003378842
41883.0,417.4082,-1.0,-0.99472886,-0.015693903,-0.0032168105,-0.0034176058,-0.003432475
41883.0,417.9082,-1.0,-0.98727274,-0.015553832,-0.0031966791,-0.003558777,-0.0033770129
41883.0,418.4082,-1.0,-0.95844084,-0.015091896,-0.0032307282,-0.0034622394,-0.0033107474
41883.0,418.9082,-1.0,-0.97154826,-0.015679002,-0.0031781867,-0.0034900403,-0.0034254864
41883.0,419.4082,-1.0,-1.0119528,-0.015106797,-0.003248103,-0.0035621272,-0.0034404062
41883.0,419.9082,-1.0,-0.98627436,-0.015252829,-0.0032349005,-0.0035044819,-0.0033912063
41883.0,420.4082,-1.0,-0.99084902,-0.014987588,-0.0031873286,-0.003504467,-0.0034353212
41883.0,420.9082,-1.0,-1.0285712,-0.013807416,-0.0031419769,-0.003500734,-0.0034353808
41883.0,421.4082,-1.0,-1.0151937,-0.014421344,-0.0032067448,-0.0035143946,-0.0035204925
41883.0,421.9082,-1.0,-0.97422862,-0.014719367,-0.0032815486,-0.0035707201,-0.0033832155
41883.0,422.4082,-1.0,-1.0474827,-0.016272068,-0.0032203719,-0.0034534475,-0.003427729
41883.0,422.9082,-1.0,-1.0360051,-0.01501441,-0.0032135844,-0.0035257388,-0.0034951009
41883.0,423.4082,-1.0,-1.0124929,-0.014796853,-0.0031671897,-0.0034515811,-0.0034387559
41883.0,423.9082,-1.0,-1.0062363,-0.014382601,-0.0032442883,-0.0035345715,-0.0033951811
41883.0,424.4082,-1.0,-1.056347,-0.015413761,-0.0032649487,-0.0035468435,-0.0034234487
41883.0,424.9082,-1.0,-1.028698,-0.015357137,-0.0031923577,-0.0034335551,-0.0034410506
41883.0,425.4082,-1.0,-1.0135621,-0.014618039,-0.0031789541,-0.0034799399,-0.003415823
41883.0,425.9082,-1.0,-1.0424889,-0.015237927,-0.0032543913,-0.0035284234,-0.0034499653
41883.0,426.4082,-1.0,-1.0679811,-0.016057491,-0.0032423735,-0.0036199919,-0.0034436993
41883.0,426.9082,-1.0,-1.008762,-0.015047193,-0.0031906292,-0.0035488643,-0.0034120902
41883.0,427.4082,-1.0,-1.0516216,-0.015497208,-0.0032208785,-0.0035703334,-0.0034370981
41883.0,427.9082,-1.0,-1.060769,-0.01527667,-0.0032628104,-0.0035555756,-0.0034156032
41883.0,428.4082,-1.0,-1.0215249,-0.0143677,-0.0032027364,-0.0034850896,-0.0034256689
41883.0,428.9082,-1.0,-0.97730756,-0.014862418,-0.0032067597,-0.0035049485,-0.0033871345
41883.0,429.4082,-1.0,-1.0150727,-0.014334917,-0.0031576827,-0.0033911953,-0.0034176446
41883.0,429.9082,-1.0,-1.0242518,-0.01578927,-0.0032144338,-0.0035433818,-0.0034509934
41883.0,430.4082,-1.0,-0.96520036,-0.015237927,-0.0031814873,-0.0035307326,-0.003409341
41883.0,430.9082,-1.0,-0.98075533,-0.016078353,-0.0032503009,-0.0034326033,-0.0033617206
41883.0,431.4082,-1.0,-1.023464,-0.015121698,-0.0032360032,-0.003490269,-0.0034017973
41883.0,431.9082,-1.0,-1.0001808,-0.015005469,-0.0032265708,-0.0034576417,-0.0034113973
41883.0,432.4082,-1.0,-0.95905733,-0.015315413,-0.00317242,-0.0034475746,-0.0033111721
41883.0,432.9082,-1.0,-0.9873789,-0.015234947,-0.0031212643,-0.0034464982,-0.0032762922
41883.0,433.4082,-1.0,-1.0250304,-0.014993548,-0.0031509548,-0.0034547118,-0.0033658519
41883.0,433.9082,-1.0,-0.97938251,-0.016379356,-0.0031138882,-0.0034186805,-0.003380727
41883.0,434.4082,-1.0,-0.99782461,-0.015646219,-0.0031511411,-0.0035057981,-0.0033806972
41883.0,434.9082,-1.0,-1.0377225,-0.01616478,-0.0031796694,-0.0033781091,-0.0034368634
41883.0,435.4082,-1.0,-1.0139309,-0.015515089,-0.0031002238,-0.003574308,-0.0034061074
41883.0,435.9082,-1.0,-0.96513891,-0.015461445,-0.0031767488,-0.0034957479,-0.0033760443
41883.0,436.4082,-1.0,-1.0197275,-0.014477968,-0.0032506138,-0.0035278285,-0.0033976361
41883.0,436.9082,-1.0,-1.0275673,-0.015890598,-0.0032115877,-0.0034482942,-0.00332826
41883.0,437.4082,-1.0,-0.97742862,-0.014460087,-0.0031688288,-0.0035162203,-0.0033668615
41883.0,437.9082,-1.0,-0.98336673,-0.015458465,-0.0031656474,-0.0035863644,-0.0033688545
41883.0,438.4082,-1.0,-0.98954511,-0.014799833,-0.0031334907,-0.0034607148,-0.0033791363
41883.0,438.9082,-1.0,-0.98149478,-0.015205145,-0.00313586,-0.0034488463,-0.0033086166
41883.0,439.4082,-1.0,-0.9630546,-0.014913082,-0.0031522587,-0.0033656217,-0.0033005886
41883.0,439.9082,-1.0,-0.99248064,-0.01476109,-0.0031081587,-0.003522082,-0.0033442639
41883.0,440.4082,-1.0,-1.0065436,-0.014522672,-0.0030807257,-0.0035574366,-0.0033275597
41883.0,440.9082,-1.0,-0.97183514,-0.014740229,-0.0031200051,-0.0034209094,-0.0033515319
41883.0,441.4082,-1.0,-0.99578869,-0.015261769,-0.0031474009,-0.0034535145,-0.003355667
41883.0,441.9082,-1.0,-1.0363516,-0.015118718,-0.0032063425,-0.0034281432,-0.0034012049
41883.0,442.4082,-1.0,-1.0090824,-0.015488267,-0.0031790808,-0.0034449366,-0.0033641644
41883.0,442.9082,-1.0,-0.9867698,-0.014734268,-0.0031402409,-0.0035560925,-0.0034196973
41883.0,443.4082,-1.0,-1.0266509,-0.014904141,-0.0032096654,-0.0035054153,-0.0033865422
41883.0,443.9082,-1.0,-1.0507908,-0.014954805,-0.0031736791,-0.003533538,-0.0033752285
41883.0,444.4082,-1.0,-0.9643268,-0.0148803,-0.0031337366,-0.0034586121,-0.0033455119
41883.0,444.9082,-1.0,-0.99531186,-0.014322996,-0.0031390414,-0.0034505287,-0.0033355616
41883.0,445.4082,-1.0,-1.0108948,-0.014600158,-0.0032335669,-0.0035331624,-0.0033913665
41883.0,445.9082,-1.0,-0.95588529,-0.013551116,-0.0031819344,-0.0034345349,-0.0033903904
41883.0,446.4082,-1.0,-0.96588767,-0.016108155,-0.0031251609,-0.0034715738,-0.0033903569
41883.0,446.9082,-1.0,-1.0087881,-0.014027953,-0.0031913891,-0.0034884044,-0.0033604763
41883.0,447.4082,-1.0,-1.0105948,-0.014588237,-0.0031225383,-0.0035169565,-0.0033338666
41883.0,447.9082,-1.0,-0.95666015,-0.01565814,-0.0031343326,-0.0035212603,-0.0032683536
41883.0,448.4082,-1.0,-0.98181891,-0.014507771,-0.0031164587,-0.0035244916,-0.0032799467
41883.0,448.9082,-1.0,-0.98710322,-0.014773011,-0.0031343177,-0.0034614585,-0.0033347867
41883.0,449.4082,-1.0,-0.9643864,-0.014853477,-0.0031319335,-0.0034291751,-0.0033057258
41883.0,449.9082,-1.0,-0.95810741,-0.014364719,-0.0031336173,-0.0034926636,-0.003330037
41883.0,450.4082,-1.0,-1.0058414,-0.014236569,-0.0030876398,-0.0035918618,-0.0033100881
41883.0,450.9082,-1.0,-0.98905337,-0.014594197,-0.0031364709,-0.0033766313,-0.0033051781
41883.0,451.4082,-1.0,-0.9599123,-0.014191866,-0.0031016544,-0.0034504209,-0.0033380315
41883.0,451.9082,-1.0,-0.99436754,-0.014778972,-0.0030818954,-0.0034217387,-0.0034046508
41883.0,452.4082,-1.0,-1.0146294,-0.014996529,-0.0031856522,-0.0035017082,-0.0034118667
41883.0,452.9082,-1.0,-0.98473763,-0.015318394,-0.0031411052,-0.0034914161,-0.00332243
41883.0,453.4082,-1.0,-0.97369218,-0.015342236,-0.0031519234,-0.0034525143,-0.0033419468
41883.0,453.9082,-1.0,-1.0005348,-0.015226007,-0.0031286478,-0.0034961959,-0.0033344701
41883.0,454.4082,-1.0,-0.968907,-0.014951825,-0.003100805,-0.0034548121,-0.0033098124
41883.0,454.9082,-1.0,-0.93986839,-0.014293194,-0.0031130686,-0.0034878522,-0.003341537
41883.0,455.4082,-1.0,-0.97073799,-0.014510751,-0.0031201467,-0.0035045673,-0.0032776371
41883.0,455.9082,-1.0,-0.97816062,-0.013449788,-0.0031088442,-0.0034296324,-0.0032764673
41883.0,456.4082,-1.0,-0.93969703,-0.014328957,-0.0031363368,-0.0035287526,-0.0032681115
41883.0,456.9082,-1.0,-0.96529162,-0.01540184,-0.003066577,-0.0034435275,-0.0032695942
41883.0,457.4082,-1.0,-0.99855661,-0.014764071,-0.0030314699,-0.0034601979,-0.0033016205
41883.0,457.9082,-1.0,-0.9733904,-0.014787912,-0.0031620264,-0.0033987118,-0.0033232458
41883.0,458.4082,-1.0,-0.94984287,-0.014525652,-0.003152743,-0.0035082875,-0.0033171326
41883.0,458.9082,-1.0,-0.98007357,-0.015127659,-0.0031327754,-0.0035022583,-0.003278587
41883.0,459.4082,-1.0,-1.0018908,-0.013911724,-0.0031945705,-0.0034571732,-0.0033345595
41883.0,459.9082,-1.0,-0.95064193,-0.01513958,-0.0031159297,-0.0034580359,-0.0033053569
41883.0,460.4082,-1.0,-0.96189046,-0.013533235,-0.0031553656,-0.0034073938,-0.003274627
41883.0,460.9082,-1.0,-0.99349952,-0.013852119,-0.0031139478,-0.0034367007,-0.0032985881
41883.0,461.4082,-1.0,-0.97773409,-0.013759732,-0.003133215,-0.0035262501,-0.0033190548
41883.0,461.9082,-1.0,-0.95639563,-0.014406443,-0.00310193,-0.0033979774,-0.0032733381
41883.0,462.4082,-1.0,-0.99108928,-0.014978647,-0.0031463653,-0.0034222426,-0.0033222064
41883.0,462.9082,-1.0,-1.0016282,-0.014418364,-0.0031687617,-0.0033488525,-0.0032738857
41883.0,463.4082,-1.0,-0.93208623,-0.014564395,-0.0030817762,-0.0034389391,-0.003212221
41883.0,463.9082,-1.0,-0.97432917,-0.014236569,-0.0030959472,-0.0034979898,-0.0033245683
41883.0,464.4082,-1.0,-1.0232869,-0.014981627,-0.003161028,-0.0034200321,-0.0033188686
41883.0,464.9082,-1.0,-0.98986739,-0.015345216,-0.003156513,-0.0034567753,-0.0033021532
41883.0,465.4082,-1.0,-0.97960794,-0.013783574,-0.0031424388,-0.003351301,-0.0032829866
41883.0,465.9082,-1.0,-1.0284055,-0.015681982,-0.0031833947,-0.0034537953,-0.0033641309
41883.0,466.4082,-1.0,-1.019163,-0.01475811,-0.0031415522,-0.0034973281,-0.0032978058
41883.0,466.9082,-1.0,-0.99610913,-0.015547872,-0.0031515583,-0.0034660951,-0.0033508018
41883.0,467.4082,-1.0,-1.0119565,-0.014814734,-0.0031680986,-0.0035099273,-0.003362935
41883.0,467.9082,-1.0,-1.0476429,-0.015115738,-0.0031102225,-0.0034940152,-0.003346093
41883.0,468.4082,-1.0,-0.99875593,-0.014522672,-0.0030335411,-0.0034149864,-0.0033339038
41883.0,468.9082,-1.0,-0.97868031,-0.014740229,-0.0030891672,-0.0033710464,-0.003333766
41883.0,469.4082,-1.0,-1.028236,-0.014778972,-0.0030850023,-0.0035619375,-0.0034067966
41883.0,469.9082,-1.0,-1.032479,-0.014254451,-0.003192611,-0.0034351205,-0.0033309162
41883.0,470.4082,-1.0,-0.98407269,-0.015577674,-0.0031241626,-0.0034780065,-0.0033386201
41883.0,470.9082,-1.0,-0.99999273,-0.014019012,-0.0031296387,-0.0034503746,-0.0032931454
41883.0,471.4082,-1.0,-1.028547,-0.014993548,-0.0032145903,-0.0034530868,-0.0032875165
41883.0,471.9082,-1.0,-0.97911245,-0.01449585,-0.0031734332,-0.0034729887,-0.0032947175
41883.0,472.4082,-1.0,-0.97287261,-0.014796853,-0.0031488463,-0.003455699,-0.0032724403
41883.0,472.9082,-1.0,-1.0274984,-0.014656782,-0.003143765,-0.0033864882,-0.0033254251
41883.0,473.4082,-1.0,-1.0530483,-0.014749169,-0.0031459853,-0.0035798203,-0.0033200234
41883.0,473.9082,-1.0,-0.99402666,-0.013887882,-0.0031365827,-0.0033791,-0.003263209
41883.0,474.4082,-1.0,-1.0029022,-0.014507771,-0.0031691864,-0.0034628268,-0.0033229589
41883.0,474.9082,-1.0,-1.0290425,-0.014740229,-0.0031469464,-0.0034343435,-0.0033490844
41883.0,475.4082,-1.0,-0.98642707,-0.01540184,-0.0031892285,-0.0033681835,-0.003295958
41883.0,475.9082,-1.0,-0.97685122,-0.014305115,-0.0031688288,-0.0034081729,-0.0033003315
41883.0,476.4082,-1.0,-1.0318663,-0.0141114,-0.0031591356,-0.0034242186,-0.0033259131
41883.0,476.9082,-1.0,-0.99567139,-0.013545156,-0.0031364635,-0.0034174311,-0.0032717139
41883.0,477.4082,-1.0,-0.95759517,-0.014948845,-0.0031620562,-0.0034847495,-0.003220357
41883.0,477.9082,-1.0,-1.0071621,-0.014457107,-0.003105022,-0.0033458816,-0.0032611229
41883.0,478.4082,-1.0,-1.0453072,-0.014522672,-0.0031645373,-0.0034241332,-0.0032980032
41883.0,478.9082,-1.0,-0.98983383,-0.015366077,-0.0031173155,-0.0034305118,-0.0032899231
41883.0,479.4082,-1.0,-1.0125488,-0.014579296,-0.0030653402,-0.0034168826,-0.0033511184
41883.0,479.9082,-1.0,-1.0627303,-0.014394522,-0.0031892359,-0.0034700865,-0.0033488721
41883.0,480.4082,-1.0,-1.0308344,-0.014013052,-0.0032429174,-0.0033642068,-0.0032958947
41883.0,480.9082,-1.0,-0.98186547,-0.015100837,-0.0030993074,-0.0033756644,-0.003282696
41883.0,481.4082,-1.0,-1.0108017,-0.013905764,-0.0031664968,-0.0034184777,-0.0032962672
41883.0,481.9082,-1.0,-1.0273792,-0.013771653,-0.0031826198,-0.0033955958,-0.0033136122
41883.0,482.4082,-1.0,-0.98535419,-0.014716387,-0.0031111911,-0.0033867224,-0.0032140426
41883.0,482.9082,-1.0,-0.98699701,-0.014334917,-0.0031443089,-0.0034567548,-0.0032557622
41883.0,483.4082,-1.0,-1.0142326,-0.014218688,-0.0031500831,-0.0035107657,-0.0032214187
41883.0,483.9082,-1.0,-1.0065715,-0.01449883,-0.0031600073,-0.0034525665,-0.003311567
41883.0,484.4082,-1.0,-1.0136124,-0.014173985,-0.0031472594,-0.0034128132,-0.0033733621
41883.0,484.9082,-1.0,-1.0391511,-0.014561415,-0.003159456,-0.0033871834,-0.0033645816
41883.0,485.4082,-1.0,-1.0245554,-0.014650822,-0.0031524599,-0.0034048022,-0.003305763
41883.0,485.9082,-1.0,-0.9701159,-0.013455749,-0.0031678602,-0.0033331579,-0.0032923184
41883.0,486.4082,-1.0,-0.98558515,-0.014966726,-0.0030720606,-0.0034022366,-0.0032987669
41883.0,486.9082,-1.0,-1.0168589,-0.014016032,-0.0031068996,-0.0034066222,-0.0032886192
41883.0,487.4082,-1.0,-0.96846187,-0.014257431,-0.0031056553,-0.0034074367,-0.0032159872
41883.0,487.9082,-1.0,-0.97568333,-0.013867021,-0.0031207204,-0.0033891429,-0.00321915
41883.0,488.4082,-1.0,-0.99632704,-0.014063716,-0.0030834824,-0.0033055036,-0.0032045171
41883.0,488.9082,-1.0,-0.99905205,-0.014659762,-0.003101781,-0.0033968731,-0.0032438748
41883.0,489.4082,-1.0,-0.99108368,-0.013545156,-0.0030457154,-0.0033868302,-0.0032474436
41883.0,489.9082,-1.0,-1.0135267,-0.014778972,-0.0031318814,-0.0034319081,-0.0032929145
41883.0,490.4082,-1.0,-1.0420494,-0.015476346,-0.0030719191,-0.0034500102,-0.0033270456
41883.0,490.9082,-1.0,-1.0076668,-0.014719367,-0.003109701,-0.0033807268,-0.0032996871
41883.0,491.4082,-1.0,-0.97930992,-0.013959408,-0.0031221285,-0.003446528,-0.0032821819
41883.0,491.9082,-1.0,-1.0114051,-0.015074015,-0.0031176284,-0.0034743568,-0.003240563
41883.0,492.4082,-1.0,-0.99957174,-0.013136864,-0.0031720698,-0.0034115638,-0.0031890348
41883.0,492.9082,-1.0,-0.95462239,-0.014340878,-0.0030917674,-0.0034444868,-0.0032497644
41883.0,493.4082,-1.0,-0.98707342,-0.014674664,-0.0031126365,-0.0033605387,-0.0031953193
41883.0,493.9082,-1.0,-1.0055993,-0.013741851,-0.0031470954,-0.0034575991,-0.0032365844
41883.0,494.4082,-1.0,-0.97788125,-0.013840199,-0.0030942708,-0.0034612429,-0.0031590648
41883.0,494.9082,-1.0,-0.95509177,-0.013768673,-0.0030736402,-0.0033197408,-0.0031790659
41883.0,495.4082,-1.0,-1.0164324,-0.013154745,-0.0031663924,-0.0033954862,-0.0032007284
41883.0,495.9082,-1.0,-1.0014064,-0.013956428,-0.0030720234,-0.0033289879,-0.0032232031
41883.0,496.4082,-1.0,-0.94487333,-0.013905764,-0.003108792,-0.0034761697,-0.0031562895
41883.0,496.9082,-1.0,-1.0096561,-0.014615059,-0.0031911582,-0.0033618736,-0.0032142997
41883.0,497.4082,-1.0,-1.0382626,-0.014802814,-0.0030845851,-0.0033966184,-0.0032918677
41883.0,497.9082,-1.0,-0.98946875,-0.014930964,-0.0030744746,-0.0035103995,-0.0032894351
41883.0,498.4082,-1.0,-0.94869733,-0.013071299,-0.0031325445,-0.0033478821,-0.0032192916
41883.0,498.9082,-1.0,-0.97617877,-0.014281273,-0.0031279922,-0.0033754879,-0.0032432526
41883.0,499.4082,-1.0,-0.96467137,-0.014126301,-0.0031020567,-0.0033442306,-0.0032042377
41883.0,499.9082,-1.0,-0.91035664,-0.013709068,-0.0031177402,-0.0033758839,-0.0032056756
41883.0,500.4082,-1.0,-0.96909142,-0.01398623,-0.0030846819,-0.0034026736,-0.0031832345
41883.0,500.9082,-1.0,-0.9874776,-0.014227629,-0.0031147972,-0.0032824785,-0.0031839572
41883.0,501.4082,-1.0,-0.96909332,-0.015857816,-0.003043972,-0.0033455191,-0.0032407455
41883.0,501.9082,-1.0,-0.97480416,-0.013643503,-0.0030998513,-0.0033156562,-0.0032693222
41883.0,502.4082,-1.0,-1.0278635,-0.013929605,-0.0031131729,-0.0034266431,-0.0033075772
41883.0,502.9082,-1.0,-1.0008495,-0.014477968,-0.0031552985,-0.0033876204,-0.0032445677
41883.0,503.4082,-1.0,-0.9726696,-0.014352798,-0.0030126497,-0.0033586333,-0.003235396
41883.0,503.9082,-1.0,-0.99075961,-0.013300776,-0.0031041875,-0.0033627343,-0.00323686
41883.0,504.4082,-1.0,-1.0105669,-0.013482571,-0.003106527,-0.0033259315,-0.0032437891
41883.0,504.9082,-1.0,-0.95235741,-0.013503432,-0.0030781925,-0.0034150719,-0.0031982325
41883.0,505.4082,-1.0,-0.98098814,-0.014415383,-0.0031067804,-0.0034132444,-0.0032453127
41883.0,505.9082,-1.0,-0.99424833,-0.014266372,-0.0030236319,-0.003337248,-0.0031970218
41883.0,506.4082,-1.0,-0.9701308,-0.013840199,-0.0030597299,-0.0034292755,-0.0031899586
41883.0,506.9082,-1.0,-0.96044314,-0.014418364,-0.0030922517,-0.0032703739,-0.0031910278
41883.0,507.4082,-1.0,-1.0116174,-0.014391541,-0.0030843839,-0.0034287623,-0.0032152645
41883.0,507.9082,-1.0,-1.0334998,-0.01475215,-0.0031597614,-0.0033417414,-0.0032656491
41883.0,508.4082,-1.0,-1.0079854,-0.014841557,-0.003081657,-0.0032915047,-0.0032410994
41883.0,508.9082,-1.0,-0.99485552,-0.012910366,-0.0031668469,-0.0033824111,-0.003239207
41883.0,509.4082,-1.0,-1.0203887,-0.013554096,-0.0030564144,-0.0033523866,-0.0031867884
41883.0,509.9082,-1.0,-0.98381567,-0.013953447,-0.0031071231,-0.0033270377,-0.003185492
41883.0,510.4082,-1.0,-0.94628149,-0.013595819,-0.0031565279,-0.0034435906,-0.0031384714
41883.0,510.9082,-1.0,-1.0042396,-0.013807416,-0.0031713396,-0.0033200828,-0.0031935498
41883.0,511.4082,-1.0,-1.0040234,-0.013887882,-0.0030867383,-0.0034537581,-0.0032090843
41883.0,511.9082,-1.0,-0.96621925,-0.01411736,-0.0030867681,-0.0033348068,-0.0031792596
41883.0,512.4082,-1.0,-0.98062491,-0.013461709,-0.0030615479,-0.0034019875,-0.0031617358
41883.0,512.9082,-1.0,-1.0080523,-0.014063716,-0.0031266809,-0.0033813254,-0.003191527
41883.0,513.4082,-1.0,-0.97477806,-0.014108419,-0.0030844137,-0.0033291571,-0.0031599961
41883.0,513.9082,-1.0,-0.95243192,-0.014486909,-0.0031165332,-0.0033547124,-0.0031711422
41883.0,514.4082,-1.0,-1.0357927,-0.014454126,-0.0030941591,-0.0033338848,-0.0032401197
41883.0,514.9082,-1.0,-1.0422617,-0.013887882,-0.0031835586,-0.0033553389,-0.0032400116
41883.0,515.4082,-1.0,-1.0138545,-0.014549494,-0.0030125678,-0.0033602358,-0.0032028891
41883.0,515.9082,-1.0,-1.0086,-0.014257431,-0.0031771511,-0.0032513479,-0.0032337643
41883.0,516.4082,-1.0,-1.0271742,-0.014069676,-0.0031617209,-0.0034497776,-0.0032223165
41883.0,516.9082,-1.0,-1.0174774,-0.014203787,-0.0030827671,-0.0033005862,-0.003175199
41883.0,517.4082,-1.0,-0.98576021,-0.014609098,-0.0031620786,-0.0033090974,-0.0031527728
41883.0,517.9082,-1.0,-1.0241009,-0.014287233,-0.0031301975,-0.0033569562,-0.0032015145
41883.0,518.4082,-1.0,-1.0265503,-0.01322329,-0.0031365529,-0.0034043579,-0.0032094941
41883.0,518.9082,-1.0,-1.035938,-0.0135988,-0.0031419247,-0.0033856942,-0.0032220818
41883.0,519.4082,-1.0,-1.042869,-0.014573336,-0.0031051189,-0.0033347809,-0.0032251701
41883.0,519.9082,-1.0,-1.0295976,-0.013107061,-0.0030762553,-0.0033775663,-0.0032299943
41883.0,520.4082,-1.0,-0.94810128,-0.013944507,-0.003108792,-0.0032951485,-0.0031621195
41883.0,520.9082,-1.0,-0.97960979,-0.013872981,-0.0030497387,-0.0033921695,-0.0031914636
41883.0,521.4082,-1.0,-1.0008756,-0.013881922,-0.0030937567,-0.0034127461,-0.0031721182
41883.0,521.9082,-1.0,-0.99865347,-0.01475811,-0.0031118095,-0.0032571075,-0.0031749867
41883.0,522.4082,-1.0,-0.97706169,-0.014045835,-0.0030959994,-0.0033714778,-0.0031587593
41883.0,522.9082,-1.0,-1.0030959,-0.013333559,-0.0031220093,-0.0032952488,-0.0031860135
41883.0,523.4082,-1.0,-1.035288,-0.014179945,-0.0031323135,-0.0033679509,-0.0032295473
41883.0,523.9082,-1.0,-1.0080113,-0.01373589,-0.0030804127,-0.003420824,-0.0032286271
41883.0,524.4082,-1.0,-1.0024085,-0.01269877,-0.003104642,-0.003331044,-0.0032282919
41883.0,524.9082,-1.0,-1.0088943,-0.013875961,-0.003140673,-0.0033501687,-0.0032550506
41883.0,525.4082,-1.0,-0.99140966,-0.014129281,-0.0031597391,-0.0033633106,-0.0031724796
41883.0,525.9082,-1.0,-0.95350111,-0.014519691,-0.0030817837,-0.0033255932,-0.0031947009
