Force [kN],Transducer 1[mm],Transducer 2[mm],Transducer 3[mm]
-1.0524206,0.22432979999999997,1.1337344999999999,-0.19217533
-1.0790396999999998,0.22437036,1.1336513000000001,-0.19221595
-1.0645893,0.22441573,1.1337566000000001,-0.19218835
-0.97048283,0.22447936,1.1336619,-0.19217329
-0.96076912,0.22438458,1.1336806000000001,-0.19210175
-1.0231081,0.22440848,1.1337403,-0.19214842
-1.0983832,0.22444685,1.1336568999999999,-0.19217817
-1.0694395,0.22437274,1.1337749,-0.19207315
-0.9650197,0.22444348,1.1337839,-0.19212003
-0.94141626,0.22450466,1.133638,-0.19208896
-0.99358523,0.22444747,1.1337696000000002,-0.19211234
-1.0605361,0.22440884,1.1336963,-0.19210139
-1.0724366,0.22444850000000002,1.1335915,-0.19211127
-0.9958353000000001,0.22450908,1.1337645,-0.19212285
-0.93616176,0.22439197,1.1337525,-0.19207361
-0.96056795,0.22442783,1.1338588,-0.19206688
-1.0407884,0.22437924,1.1337271999999998,-0.19209132
-1.0571312,0.22443998,1.133718,-0.19213010000000003
-0.99239314,0.22445107,1.1337787,-0.19209047
-0.90306252,0.22451109,1.1337793999999999,-0.19207668
-0.9894556999999999,0.22454244,1.1336247,-0.19206600000000001
-1.049215,0.22446388,1.1337386,-0.19213066
-1.0711886,0.22442661,1.1336875,-0.19210309
-1.0211542,0.22447489,1.1337733,-0.19210742
-0.95799005,0.22450455,1.1337171,-0.19207478
-0.9624566999999999,0.22452672,1.1336653,-0.19208156
-1.0849555,0.22449452,1.1338128,-0.19218048
-1.0978765,0.22443414,1.1337472,-0.19218026
-1.0253787,0.22447135,1.1337045000000001,-0.19208208
-0.94615668,0.22458208,1.1338351,-0.19203793
-0.94261396,0.22454664,1.1337931,-0.19205806
-1.0390506,0.22448105,1.1337092,-0.19208999
-1.0846108,0.22448282,1.1337267,-0.19213183
-1.0233335,0.22448374,1.1337031000000002,-0.19210556
-0.92791766,0.22458096,1.1337223,-0.19210933
-0.94782561,0.22452027,1.1337428999999999,-0.19212626
-1.0526124,0.22446826,1.1337674999999998,-0.19215146
-1.0863655,0.22447114,1.1337209,-0.19210258
-1.017211,0.22452016,1.1337631000000001,-0.1920896
-0.9413287,0.22449093,1.1337568,-0.19200987
-0.92016721,0.22458629,1.1337938,-0.19209646
-0.99348462,0.22450402,1.1338344,-0.19206591
-1.0562502,0.22448359,1.1338402,-0.19212487
-1.04459,0.22457041,1.1337097,-0.19209699
-0.9662751,0.22452359,1.1337751,-0.19209082
-0.94678068,0.22452699,1.1337469999999998,-0.19210754
-1.0020696,0.22447345,1.1337031000000002,-0.19210602
-1.0803007,0.22450082,1.1337647,-0.19215731
-1.068417,0.22454181,1.1337274,-0.19216272
-0.96865743,0.22461756,1.1338018,-0.19212964
-0.96224618,0.22457142,1.1338270000000001,-0.19211876
-1.0050478999999999,0.22459166,1.1336886,-0.19210936
-1.0458455,0.22453484,1.1338191999999998,-0.19215004
-1.0372828,0.22457291,1.1337138,-0.19207309
-0.96239519,0.22458081,1.1338521000000001,-0.19205421
-0.91263092,0.22461547,1.1338358999999998,-0.19202109
-0.95729899,0.22456978,1.1336989,-0.19206141
-1.0232961999999999,0.22454342,1.1338575,-0.19199145
-1.0206122,0.22455618,1.1337532,-0.19204451
-0.95639563,0.22459693,1.1338313999999998,-0.19195926
-0.91804004,0.22464041,1.133795,-0.19197854
-0.95430201,0.22461444,1.1339175,-0.19201037
-1.0364056000000001,0.22463056,1.1338533000000002,-0.19205698
-1.04006,0.22458448,1.1338165,-0.1920549
-0.96487069,0.22460008,1.13375,-0.19202216
-0.93325043,0.22458482,1.1337758,-0.19201876
-0.96806884,0.22456804,1.1337716999999998,-0.19208251
-1.0452197,0.22457394,1.1338798,-0.1920934
-1.0600183,0.22450806,1.1338313,-0.19209160000000003
-0.99089557,0.22454971,1.133805,-0.19199663
-0.89042634,0.22459255,1.1338615,-0.19191036
-0.91839957,0.22461620000000002,1.1338447,-0.19197021
-1.0197460999999999,0.22459927,1.1338586000000002,-0.19201039
-1.0587592,0.22457739999999998,1.1338028,-0.19202220000000003
-1.0083001,0.22463877,1.1338338,-0.19201688
-0.90808046,0.22464962,1.1339333,-0.19200386
-0.92098677,0.22465603,1.1338542999999999,-0.19198912
-1.0045953,0.22465102,1.1339116000000002,-0.19205472
-1.0584276000000001,0.22453432,1.1337653,-0.1920816
-1.0439866,0.22459094,1.1337476999999998,-0.19205526
-0.96364689,0.22464216,1.1338867,-0.19199733
-0.96225554,0.22459301,1.1338183000000002,-0.19202824
-0.99450535,0.22463490000000003,1.1339526000000002,-0.19197512
-1.0419972,0.22460268,1.1338508999999999,-0.19195578
-0.98454952,0.22464423,1.1339005,-0.19199519
-0.91817045,0.22463143,1.1339953,-0.19195871
-0.92115438,0.2246431,1.1338581,-0.19198611
-0.96565485,0.22462568,1.1339281,-0.19196372
-1.0283459000000001,0.22464032,1.1339808,-0.19201479999999999
-1.0480322,0.22461167,1.1338072,-0.19202396
-0.95603615,0.22465949,1.1339381000000002,-0.19198135
-0.92508459,0.22467971,1.1338658000000001,-0.19200789999999998
-0.99889934,0.22463201,1.1338496,-0.19195448
-1.0681599,0.22457979999999997,1.1338698,-0.19203156
-1.0651591999999999,0.22464119,1.1338663,-0.19206928
-1.0061283,0.22463699,1.1338998,-0.19206218
-0.92357028,0.22462745,1.1339445,-0.19196683
-0.97814947,0.22462524,1.1338723999999998,-0.1920037
-1.050042,0.22464758,1.1338772,-0.19200748
-1.06165,0.2246362,1.1338899,-0.19199392
-0.94440764,0.22464952,1.1339703,-0.19193935
-0.88636762,0.22471605,1.1338972,-0.19192401
-0.92911351,0.22467981,1.1338837,-0.19194296
-1.0397434,0.2247147,1.1338968999999999,-0.19197893
-1.0412838,0.22464104,1.1338721999999999,-0.19200239
-0.99112839,0.22465236,1.1338553,-0.19200276
-0.92979896,0.22464123,1.1338933,-0.19192003
-0.95728409,0.22470661,1.133893,-0.19198087
-1.032276,0.22467165,1.1338393999999998,-0.19194433
-1.0876636999999998,0.22474070000000002,1.1338896,-0.1919474
-1.0193214,0.22466798,1.1338464,-0.19201249
-0.91048145,0.22464597,1.1340126,-0.19196413
-0.90817547,0.22469072,1.1338631000000001,-0.19193770000000002
-1.0363199,0.22467373,1.1339046999999998,-0.19191326
-1.0949895,0.22463079,1.1338582,-0.19199875
-1.0322948,0.22466828,1.1338834,-0.19202122
-0.95982105,0.22468035,1.1339108,-0.19193406
-0.96798313,0.22476235,1.1338678999999998,-0.191957
-1.0294616,0.22466911,1.1339309,-0.19194852
-1.0532141000000002,0.22474481,1.1338844,-0.191958
-1.0417849000000001,0.22468108,1.1338983,-0.19193406
-0.94353968,0.22470570000000004,1.1339289,-0.19194791
-0.98056161,0.22470842,1.1339422,-0.1919671
-1.0539032,0.22459754,1.1339111000000002,-0.19201006
-1.1049155000000002,0.22466558,1.1339995,-0.19199349
-1.0539348999999998,0.22464797,1.1339573,-0.19191523
-0.95211899,0.22466109999999997,1.1340508,-0.191912
-0.94987637,0.22468959,1.1339322,-0.19192302
-1.017306,0.22468951,1.1339365,-0.1919035
-1.0984801000000002,0.22465293,1.1339076000000001,-0.19196953
-1.0367036,0.22470243,1.1339446000000002,-0.19188142
-0.94853526,0.22468078,1.1338633,-0.1918675
-0.92618167,0.22473943,1.1339993,-0.19185397
-0.98268127,0.22469346,1.133913,-0.19187579
-1.0628104,0.22470941,1.133961,-0.19192411
-1.0627173,0.2247013,1.1339631000000001,-0.19187889
-0.97442418,0.22474998,1.1340266,-0.19186379
-0.93976969,0.22473085,1.1340858,-0.19187671
-0.99788976,0.22469431,1.1339501,-0.19188136
-1.0751095,0.22467837,1.1339582000000001,-0.19188794
-1.0220259,0.22469383,1.1339988,-0.19186583
-0.96301919,0.22464937,1.1339322,-0.19184642
-0.90272725,0.22478485,1.1339503999999998,-0.19184069
-0.99349022,0.22472103,1.1340113,-0.19191664
-1.0586698,0.224741,1.1339209,-0.19193904
-1.0707229,0.22473718,1.1340053999999997,-0.19199184
-0.99937618,0.22474302,1.1339353,-0.19188511
-0.97130799,0.22472145,1.1340598,-0.19186494
-0.95358121,0.22474428,1.1339451,-0.19188188
-1.0342542,0.22469151,1.1340004,-0.19190323
-1.0608024999999999,0.22468793,1.1339424999999999,-0.1919183
-1.02867,0.22472470000000003,1.1340066,-0.19192
-0.95709229,0.22480743,1.1338952,-0.19190972
-0.95674211,0.22472282,1.1340823999999998,-0.19194436
-1.0340194999999999,0.22472018,1.1339618,-0.19191156
-1.1137594,0.22464791,1.1340204,-0.19196081
-1.0561346999999999,0.22469199,1.1339718,-0.19189271
-0.96916592,0.22467636,1.1338992,-0.19191685
-0.96358919,0.22477391,1.1340696000000001,-0.19192682
-1.0483023,0.22474781,1.1339415000000002,-0.19197589
-1.0718107,0.22473186,1.1339898000000002,-0.19188973
-1.0498781000000001,0.22483194,1.1339865,-0.1919125
-0.97468495,0.22476722,1.1339076000000001,-0.19185674
-0.94100648,0.22475453,1.1340021,-0.19183406
-0.99666417,0.22480334,1.1340278,-0.19187385
-1.0415968,0.22475205,1.1340641000000002,-0.19185005
-0.99246764,0.22477408,1.1341438,-0.19186845
-0.92663991,0.22481066,1.1339598999999998,-0.1918278
-0.94478762,0.22474609,1.1339909,-0.19184956
-1.0117311,0.22474249,1.1340052,-0.19183563
-1.0797642,0.22479853,1.1339155,-0.19184624
-1.0472275,0.22466649,1.1340039,-0.19191685
-0.95601195,0.22474849,1.1339697,-0.19186553
-0.8996761999999999,0.22477093,1.1340752,-0.19181496
-0.97738022,0.22470805,1.1340222,-0.1918602
-1.0543018999999998,0.2247076,1.1339629999999998,-0.19185074
-1.0687132,0.22468302,1.1340241000000002,-0.19182754
-0.99263525,0.22479211,1.1340714,-0.19189863
-0.94968081,0.22478229,1.1340191000000002,-0.19182754
-0.98455513,0.22477087,1.1341383,-0.19185001
-1.0673496999999998,0.22470108,1.1339598,-0.19191602
-1.0721051000000001,0.22472599,1.1340903999999998,-0.19187741
-1.1019614,-8.5446052e-05,-9.5350202e-05,-4.4211745e-05
-2.9387939,-0.0005597490799999999,-0.0006455669599999999,-0.0006507188099999999
-4.6421366,-0.001182979,-0.0010102405,-0.0011681616
-6.8679190000000006,-0.0020271521,-0.0016217362,-0.0019038469
-9.2470636,-0.0029514357,-0.002222544,-0.0026424079999999997
-11.304777,-0.0036950549,-0.0029329576,-0.003406316
-13.315657,-0.0043794001,-0.0036091154999999997,-0.0041098446
-15.319742000000002,-0.0051303152,-0.0042316541,-0.0048574209
-17.331688,-0.0059587024,-0.0048671868,-0.0055957735
-19.469397,-0.0067321565,-0.0055088409999999996,-0.0064335763
-21.278368,-0.0073019192000000005,-0.0060727578,-0.007166564499999999
-22.923617999999998,-0.0080111045,-0.006724757099999999,-0.0077182502
-24.863245000000003,-0.0087041911,-0.0073039765,-0.0085343868
-26.917811999999998,-0.009429412,-0.007992854300000001,-0.0093114972
-28.985153000000004,-0.010168916,-0.008672731,-0.010105968
-31.015438,-0.010977611000000002,-0.0092420056,-0.010870233
-32.756302000000005,-0.011604469,-0.0099799884,-0.011561081
-34.533157,-0.012300331000000001,-0.010491292,-0.012266353
-36.554306,-0.013018999,-0.011223307,-0.013133377
-38.727127,-0.013871806,-0.012078443999999999,-0.013957396
-40.721371000000005,-0.014652351000000001,-0.012657478,-0.014782413999999999
-42.49601,-0.015344653,-0.013401015,-0.015496641
-44.235596,-0.015986003000000002,-0.014004333,-0.016274601
-46.277901,-0.016777702,-0.014652123999999999,-0.017145023
-48.508410999999995,-0.017643623,-0.015513873000000001,-0.017932102
-50.546828999999995,-0.018420608999999998,-0.016133931,-0.018827423
-52.290325,-0.019104727,-0.016812345,-0.019518211
-54.01585,-0.019846113000000002,-0.017302416,-0.020229176
-56.0564,-0.020609619,-0.018138999,-0.021099657
-58.220261,-0.021426171,-0.018936958,-0.021920592000000003
-60.304382,-0.022259977,-0.019598605,-0.022726253
-62.041847,-0.022981077000000003,-0.020208552,-0.023371026
-63.714062,-0.023649043999999998,-0.020807385,-0.024142444
-65.702057,-0.024505492,-0.021461222000000002,-0.024959609
-67.876373,-0.025307789,-0.022348186000000003,-0.025799528
-69.95938100000001,-0.026137669,-0.022988197999999998,-0.026633962999999997
-71.792419,-0.026889253,-0.023694853999999998,-0.027354077
-73.52825899999999,-0.027677402,-0.024443137,-0.02809456
-75.478943,-0.02845531,-0.025104372000000003,-0.028946325
-77.653961,-0.029260509,-0.025926461,-0.029848024
-79.749237,-0.030059561000000002,-0.026643284,-0.030662238999999997
-81.63252299999999,-0.030899387,-0.027347585,-0.031423762
-83.275879,-0.031615686000000004,-0.027963812999999997,-0.032120317
-85.200211,-0.032488387,-0.028662682000000002,-0.032943472
-87.34704599999999,-0.033317782000000004,-0.029534424,-0.033744618
-89.489975,-0.034059118,-0.030300532999999998,-0.034567147
-91.39295200000001,-0.034956217000000005,-0.031014016000000002,-0.035377458
-93.100685,-0.035667866,-0.031702228,-0.036145374
-94.952934,-0.036463417000000005,-0.032407865,-0.036903113
-97.04412099999999,-0.037299134,-0.033206895,-0.037791177999999995
-99.25312,-0.038211361,-0.034090266,-0.038718492
-101.17681999999999,-0.03903529,-0.034689132000000004,-0.039511517
-102.90211,-0.03973848,-0.035368382999999996,-0.04026708
-104.74899,-0.040529706,-0.036085783999999996,-0.041003122999999995
-106.79869,-0.041307066,-0.036965281,-0.041885287
-108.95731,-0.042188827000000005,-0.037815653,-0.042736337
-110.94791000000001,-0.043078795,-0.038540788,-0.043578267000000004
-112.63496,-0.043803904000000005,-0.039235301,-0.044273852999999995
-114.45553000000001,-0.044592295,-0.039904859,-0.045064852
-116.45681,-0.04545166,-0.04074401,-0.045902148
-118.63221999999999,-0.046384387,-0.041623216,-0.046800151
-120.65812,-0.047140144,-0.042342938,-0.047572866
-122.41111000000001,-0.048012674000000005,-0.043138754,-0.048346683
-121.75804,-0.047913715,-0.042956047000000004,-0.048316315
-119.75346,-0.047394622000000004,-0.042595942000000005,-0.047826155999999995
-117.99439,-0.047023937,-0.042216439,-0.047253712999999996
-116.04675,-0.046419647,-0.041457102,-0.046715840999999994
-113.89048000000001,-0.04577167,-0.040909707999999996,-0.046048254000000004
-111.77548,-0.045217074,-0.040188953,-0.045404807
-109.81783999999999,-0.044590548,-0.03970943,-0.044758797
-108.13911,-0.044122148,-0.039226901,-0.044215082999999995
-106.26404,-0.043451712,-0.038566209,-0.043683692999999996
-104.12006,-0.04279907,-0.03798927,-0.042996705
-101.94946,-0.042114995,-0.037369583,-0.042217776
-100.02575999999999,-0.041421525,-0.036721505,-0.041536734
-98.33049,-0.040977652999999996,-0.036183547,-0.040969223
-96.480675,-0.040327787000000004,-0.035518389,-0.040311486
-94.331009,-0.039706569,-0.034874663,-0.039580956
-92.172714,-0.038994927,-0.034258302000000004,-0.038883045
-90.244568,-0.038364943,-0.033619806,-0.038230658
-88.556053,-0.037791625,-0.033053394,-0.037679926
-86.756622,-0.037207671,-0.032571845,-0.037057683
-84.637596,-0.036479502999999996,-0.03185432,-0.036355391
-82.47134399999999,-0.03561927,-0.031137226,-0.035582468
-80.531273,-0.035010267000000005,-0.030488634,-0.034844115
-78.780968,-0.034438998,-0.030005412000000002,-0.034258902
-77.002602,-0.033849403,-0.029454865,-0.033583492
-74.896179,-0.03316078,-0.028734918999999998,-0.032784983999999996
-72.693321,-0.032344699,-0.028038824,-0.032056317
-70.72912600000001,-0.0316494,-0.027339831000000002,-0.031307384
-68.959747,-0.031060722000000002,-0.026762906,-0.0306945
-67.181839,-0.030470505,-0.026277473,-0.03002812
-65.186577,-0.029723972,-0.025549551,-0.029308096000000002
-62.995532999999995,-0.028920617000000003,-0.02490293,-0.028497174
-60.986801,-0.028288506,-0.024311885,-0.027759105
-59.199017000000005,-0.027571552000000003,-0.023695186,-0.027100474
-57.467845999999994,-0.026872586,-0.023121256,-0.02643849
-55.460196999999994,-0.026059519,-0.022441667000000002,-0.025712624
-53.286418999999995,-0.025299255,-0.021715436,-0.024862096
-51.24192,-0.024527012999999997,-0.021186611,-0.024094045
-49.443375,-0.023854102999999998,-0.020448353,-0.023326695
-47.677402,-0.023174379,-0.019903571999999998,-0.022652224
-45.716988,-0.022365267999999997,-0.0192567,-0.021902098999999998
-43.529739,-0.021525698,-0.018530928000000002,-0.021058753
-41.501976,-0.0207476,-0.017880933,-0.020311788
-39.690449,-0.019983556,-0.017235906999999998,-0.019528404
-37.887653,-0.019241951,-0.016724644,-0.01886408
-35.953438,-0.018591153,-0.016089505,-0.018103421
-33.787017999999996,-0.017666413,-0.015284974,-0.017171592
-31.707959999999996,-0.016775157,-0.01462183,-0.016373231999999998
-29.96645,-0.016074045,-0.01402323,-0.015604377
-28.14188,-0.015363811000000002,-0.013298225,-0.014839023
-26.226919,-0.014569066,-0.01273827,-0.014036089
-24.03569,-0.013608688,-0.011883668,-0.013083309
-22.010756,-0.01283686,-0.011242045,-0.012225613
-20.135509,-0.011983039,-0.010604413,-0.011435523999999999
-18.382917000000003,-0.011268523,-0.0098762941,-0.010695875
-16.498198000000002,-0.010500301,-0.009214146999999999,-0.009878948299999999
-14.366249,-0.0095810294,-0.0085370839,-0.0089524835
-12.286904,-0.008613633,-0.0077612363,-0.0081068277
-10.451303999999999,-0.0078283008,-0.0070773531,-0.0073140711
-8.6624613,-0.0070601794999999995,-0.006351150600000001,-0.0064579397
-6.756247999999999,-0.0061693154,-0.0055688499,-0.0056475699
-4.702691099999999,-0.005202103400000001,-0.0047825081,-0.0047972351
-4.413738700000001,-0.0050871866,-0.0046293624,-0.004635900300000001
-6.710033900000001,-0.0058621885,-0.005351837700000001,-0.0053347796
-8.9147959,-0.0065880138000000005,-0.0059383996,-0.0060375929
-11.018535,-0.0073550791,-0.006729707099999999,-0.006863907
-12.852428,-0.0079484489,-0.007405252199999999,-0.0075761974
-14.672692999999999,-0.0085831862,-0.0078331251,-0.0082884282
-16.70048,-0.0093655773,-0.0086010536,-0.0090945065
-18.833214,-0.0099861212,-0.009245016600000001,-0.0097856224
-20.831953,-0.010754318999999998,-0.010068433,-0.010597243999999999
-22.754151999999998,-0.011493169,-0.010709425,-0.011301637
-24.537615,-0.012082563999999999,-0.011226936000000002,-0.01205571
-26.431089,-0.012789097,-0.011834108999999999,-0.012821198
-28.585337,-0.013608124,-0.012579593,-0.013627812
-30.669378000000002,-0.014346023999999999,-0.013310323999999998,-0.01443702
-32.591908000000004,-0.015084721,-0.013878625,-0.015241801999999999
-34.269721999999994,-0.015692035,-0.014460303,-0.015834287
-36.192409999999995,-0.016437434,-0.015078538999999998,-0.016683131
-38.332722,-0.017159486,-0.015816992,-0.017508878999999998
-40.446022,-0.017958006000000002,-0.016496785,-0.018349782
-42.394657,-0.01868272,-0.017232647,-0.019146188999999997
-44.054409,-0.019341482,-0.017715212,-0.019773394
-45.896865999999996,-0.020104671,-0.01834779,-0.020470588999999997
-48.018871000000004,-0.02082848,-0.01906641,-0.021267473999999998
-50.176033000000004,-0.021703135,-0.019671943,-0.022103235
-52.142559000000006,-0.022400551,-0.020443335,-0.022836015
-53.802452,-0.02303521,-0.02092007,-0.023490667000000003
-55.633228,-0.023744397,-0.021648003,-0.024241238999999998
-57.791149,-0.024522312,-0.022325089,-0.025065184
-59.949181,-0.025333293,-0.023001226,-0.02590166
-61.946906999999996,-0.026050813,-0.023761431,-0.026657715
-63.5839,-0.026652336000000002,-0.024236951,-0.027331888999999998
-65.395538,-0.027323108,-0.024848754,-0.028052926000000002
-67.442406,-0.028093856,-0.025629843,-0.028841673999999998
-69.59788499999999,-0.028918955,-0.026210047,-0.029616073
-71.64415699999999,-0.029736504,-0.026890479,-0.030349106
-73.41378,-0.030260662999999997,-0.027671718999999997,-0.031084031
-75.154022,-0.031015862,-0.028097683999999998,-0.031699702
-77.18294499999999,-0.031789828,-0.028788134,-0.032463059
-79.352226,-0.032557327000000004,-0.029494008,-0.033262372000000005
-81.45926700000001,-0.033291522000000004,-0.030336967000000003,-0.034040852999999996
-83.238785,-0.033973067999999995,-0.030926472000000003,-0.034781694
-84.965149,-0.03459280000000001,-0.031373937000000005,-0.035479307
-86.899399,-0.035361696,-0.032122977000000004,-0.036160335
-89.08266400000001,-0.036095063999999996,-0.032876361,-0.036934331
-91.190163,-0.03690676,-0.033495244,-0.037706152
-93.003662,-0.037557907,-0.03419587,-0.038457662000000004
-94.700424,-0.038161851000000004,-0.034719203,-0.039050787999999996
-96.635811,-0.038898692,-0.035409939,-0.039833397
-98.841286,-0.03969001,-0.036224026,-0.040688351
-100.93739000000001,-0.040470593,-0.036850031,-0.041477919
-102.8104,-0.041123662000000005,-0.037494615,-0.042182803
-104.4883,-0.041774042000000004,-0.038028069,-0.042736933
-106.38091000000001,-0.042490784000000004,-0.038641442000000005,-0.043427095
-108.4693,-0.043201972000000005,-0.03945341,-0.044289812000000005
-110.63843999999999,-0.043980382,-0.040083844,-0.045061037000000005
-112.5916,-0.044705782,-0.040905312,-0.045893952
-114.26897,-0.045278788,-0.041527927,-0.046526507
-116.09441000000001,-0.045998185999999996,-0.042112212999999996,-0.047104314
-118.2037,-0.046760499000000004,-0.042859305,-0.04793258
-120.3335,-0.047539740999999996,-0.043632212999999996,-0.048758313
-122.33946,-0.048315704,-0.044344958,-0.049514428
-120.09396000000001,-0.047677167,-0.04378498,-0.048873648
-117.99853999999999,-0.047135650999999994,-0.04314566,-0.048276976
-116.11958,-0.046601158,-0.042599048,-0.047731906
-114.33483999999999,-0.046079497999999997,-0.041947812,-0.047083005
-112.36306,-0.045475662,-0.041444242,-0.04647406900000001
-110.1389,-0.044739079,-0.040764835,-0.045743793
-108.02689,-0.044138808,-0.040100951,-0.045076847
-106.1655,-0.043611675999999995,-0.039586395,-0.04445231
-104.49085,-0.043050780999999996,-0.038993686,-0.043928981
-102.59073000000001,-0.042401016,-0.038395803,-0.043347015999999995
-100.38721,-0.041714519,-0.037721284,-0.042627900999999996
-98.22599,-0.0410695,-0.037088696000000004,-0.041859478
-96.364212,-0.040435663999999996,-0.036493886,-0.041177675
-94.69027700000001,-0.039876074,-0.036001734,-0.040622666
-92.839577,-0.039273847,-0.035406996,-0.040035471
-90.603554,-0.038583532000000004,-0.034749432999999996,-0.039243102
-88.493126,-0.037849236,-0.03403851,-0.038485913999999996
-86.614372,-0.037247188,-0.0334347,-0.037845731
-84.921898,-0.036668796000000003,-0.032865811,-0.037215768999999996
-83.061989,-0.036048885,-0.032242033999999996,-0.036588117
-80.886055,-0.035197604,-0.031568952000000004,-0.035843611000000004
-78.70129399999999,-0.034574695,-0.030821228,-0.035039857
-76.797569,-0.03400873,-0.030286735,-0.034328133
-75.137108,-0.03331013,-0.02979606,-0.033785731
-73.322754,-0.032702036000000004,-0.029239999,-0.033136696
-71.164772,-0.031918998999999997,-0.028447231,-0.032389373
-69.019203,-0.031158801,-0.027685632999999998,-0.03161487
-67.067856,-0.03052102,-0.027106362999999998,-0.030849144
-65.328705,-0.029839857999999997,-0.026552591,-0.030219004
-63.57345600000001,-0.029208302000000002,-0.02591031,-0.029564187000000002
-61.500214,-0.028478295,-0.025343686,-0.028848976000000002
-59.313129,-0.02767349,-0.024629272999999997,-0.027992845
-57.311939,-0.026915482999999997,-0.023917791,-0.027206137999999998
-55.538204,-0.026209597,-0.023434304,-0.026537046
-53.778721,-0.025548607,-0.02275572,-0.025831907999999997
-51.752213,-0.024727627999999998,-0.022199525,-0.025070399
-49.595688,-0.023962736000000002,-0.021361392000000003,-0.024203435
-47.555927000000004,-0.023197144,-0.020758249,-0.023419946
-45.773708,-0.022461385,-0.020160828000000002,-0.022749275
-44.036572,-0.021849222,-0.019449212,-0.022041932
-42.046603999999995,-0.020995475,-0.018900011,-0.021291688
-39.869144,-0.020167213,-0.018196916,-0.020332873
-37.819668,-0.019354545,-0.017379055,-0.019537315
-36.05838,-0.018670258999999998,-0.016904961,-0.018865003999999998
-34.25238,-0.017869249,-0.016262079,-0.018147677
-32.32724,-0.01720201,-0.015534798,-0.017260373
-30.122590999999996,-0.016214728,-0.014882833,-0.016324192
-28.035666,-0.015359366000000001,-0.014125843999999999,-0.015484913999999999
-26.315347999999997,-0.014657576,-0.013459465,-0.014706597
-24.556804999999997,-0.013904901,-0.012816962,-0.013914138000000001
-22.604229,-0.013069168,-0.012101303999999998,-0.013111711000000002
-20.456999,-0.012246156000000001,-0.011405246,-0.012198091000000001
-18.341467,-0.011389146000000001,-0.010624451000000002,-0.011254817
-16.53064,-0.010596518999999999,-0.009920065300000001,-0.010483682
-14.762703,-0.0098678339,-0.0091964183,-0.0097361654
-12.885028,-0.009045170600000001,-0.0085043712,-0.0088716149
-10.742595,-0.0081722848,-0.0077267587,-0.0078684986
-8.6678114,-0.007306065400000001,-0.0068362514,-0.0069759934999999995
-6.7937913,-0.006535485400000001,-0.00618573,-0.006180226800000001
-5.0279945999999995,-0.005709702099999999,-0.0055008437,-0.0054574311
-3.8091392999999996,-0.0051724883,-0.0048417887,-0.0049708337
-3.9718504,-0.005114763,-0.0049023684,-0.0049708635
-3.9436445,-0.0050838869,-0.0047713863,-0.004850268400000001
-3.9458851999999998,-0.0050854776,-0.004794944099999999,-0.0047941953
-3.9817858,-0.0051142769,-0.0048615159,-0.0047760606
-4.0389113,-0.0050272467,-0.0047270246,-0.0047629476
-3.7354547999999994,-0.0048966231,-0.0046152333,-0.0046715587
-3.6791358,-0.004853229000000001,-0.004606585900000001,-0.0046491474
-3.7555788,-0.0048580598,-0.0046386784,-0.0046705604
-3.8616285,-0.0048614508,-0.0046169842,-0.004635945
-3.9292126000000005,-0.0048335111,-0.0045926925,-0.004565417800000001
-3.8868711000000005,-0.0048705088,-0.0045778705,-0.0045418292
-3.810998,-0.0047749672,-0.0045995675,-0.0045433342
-3.8415062000000004,-0.004799014,-0.00460649,-0.004572361699999999
-3.9132369,-0.0049205543,-0.0046368996,-0.0045611709000000005
-4.0069857,-0.0048473347,-0.0045823491999999995,-0.0045568794
-4.0110664,-0.0049167592,-0.0046369946,-0.0046356171
-3.8761031999999997,-0.0047858926,-0.0044848574,-0.004486262800000001
-3.8456468999999998,-0.0047691148,-0.0044379792999999996,-0.0044834465
-3.9062071000000005,-0.0048349071,-0.0045169918,-0.0044605732
-4.0340981,-0.004800777,-0.0044854302,-0.0045470744
-4.0114427,-0.0048048021,-0.0045643924,-0.0045247674
-3.8856902,-0.0047389008,-0.0045102201,-0.0045219809
-3.8827154999999998,-0.0046601715,-0.0044055255,-0.0045560896
-3.9478056000000006,-0.0047851102000000005,-0.0044928128,-0.0044828205999999995
-4.0215421000000005,-0.0046956176,-0.0044853557,-0.0044853687
-4.017107,-0.004750873,-0.0044939574,-0.0044616014
-3.8901343,-0.0047521424,-0.0044425139,-0.004416897899999999
-3.8500204,-0.0047101825,-0.0043819285999999995,-0.0043575317
-3.9242934999999997,-0.0047095129,-0.0043956498,-0.0044393837
-3.9916801,-0.0047157183,-0.0046036914,-0.0044282675
-4.0403957,-0.0047470434,-0.004504092,-0.0044902414
-3.957767,-0.0047156792,-0.0044404640999999995,-0.0044981092
-3.8284472999999997,-0.0046507185,-0.0042709867,-0.0043641627
-3.8709492999999995,-0.0046037175,-0.0044354331,-0.0043849051
-3.9614029000000004,-0.004669263,-0.0044224262,-0.0043734163
-4.0141439,-0.0047745099,-0.0044353036,-0.0043281168
-3.9139781000000005,-0.0046612388,-0.0044202525,-0.00438568
-3.8402061,-0.0046414156,-0.0044016093,-0.0043200701
-3.8836246,-0.0046601249,-0.0043491935,-0.0043237209
-3.9861686,-0.0046866219,-0.0044121053,-0.0044388473
-4.0226784,-0.0046765264,-0.004407723400000001,-0.0044008790999999995
-3.9388947,-0.0046868967,-0.0044528944,-0.0042830259
-3.8284491999999997,-0.0046147695,-0.0044243094,-0.0042607486
-3.8377941,-0.0046276525,-0.0043793059999999995,-0.0042455047
-3.9357021,-0.0047128266,-0.004370679099999999,-0.0043250321999999996
-4.0052905,-0.0047082789000000005,-0.0044694832,-0.0042973608
-4.0024017999999995,-0.0045958171,-0.0044412874,-0.0043601692
-3.8756504,-0.0045723319,-0.0044158520000000005,-0.0043226331
-3.8447733,-0.0046138475,-0.0043171942,-0.0042952746
-3.9205644,-0.0046683457,-0.0044107065,-0.004277154799999999
-3.9865561,-0.0046376595,-0.0043916534999999994,-0.0042993426000000005
-3.9724391000000003,-0.0046138624,-0.0043096095000000004,-0.0042355508000000005
-3.8608294,-0.0046501886,-0.0043021934,-0.004242003
-3.8506091000000002,-0.0046079354,-0.0042650979,-0.0042034685999999995
-3.9115919999999997,-0.0045632832,-0.0043807691,-0.004206568
-3.9932858999999996,-0.0045765787,-0.0043991581,-0.0042563528
-3.9870794000000003,-0.0045600822,-0.0043628886,-0.0042258501
-3.9204507000000004,-0.0045885649,-0.0042944355,-0.0042364299
-3.875982,-0.0045707757,-0.0043490408000000005,-0.0042467713
-4.369614599999999,-0.0046928366999999995,-0.0044198921,-0.0043816268
-6.0257931,-0.0053017084,-0.0049811294,-0.0049393028
-8.9171476,-0.0062765516,-0.00588788,-0.0059636235
-10.94,-0.0070562158,-0.0067080082,-0.0066436976
-12.719977,-0.007622093000000001,-0.0073636909999999995,-0.0073245317
-14.699964999999999,-0.0083123781,-0.0079832273,-0.008136749300000001
-16.867023,-0.0091703609,-0.0086993473,-0.0089559704
-18.85187,-0.0098187793,-0.009321489399999999,-0.0097392052
-20.619926,-0.010491193999999999,-0.0099662589,-0.010523006000000001
-22.385310999999998,-0.011101943000000001,-0.010653082,-0.011205435
-24.319731,-0.011805676000000001,-0.011313213,-0.011948839
-26.54862,-0.012661286,-0.012043943,-0.012873575
-28.537214000000002,-0.013442919,-0.012678236,-0.013650671000000001
-30.425356,-0.014173673000000001,-0.013326561,-0.014406308999999999
-32.112869,-0.014810048000000001,-0.014013191000000001,-0.015089422
-34.015297,-0.015520385,-0.014480956000000001,-0.015925288
-36.130210999999996,-0.016339753000000002,-0.015376935,-0.016744316000000002
-38.342457,-0.017153091999999998,-0.016109522,-0.017625302
-40.18203,-0.017880341,-0.016532578,-0.018325299
-41.861641,-0.018504005,-0.017211598999999998,-0.018994108
-43.704918,-0.019198904,-0.017773202,-0.01978308
-45.787033,-0.02001127,-0.018567168999999998,-0.020614207
-47.990035999999996,-0.020873329,-0.019314028,-0.021513209
-50.032784,-0.021611963999999997,-0.019993346000000002,-0.022355556000000002
-51.702118,-0.022221267000000003,-0.020525968000000002,-0.022997722
-53.418625,-0.022947866,-0.021145392000000002,-0.023628622000000002
-55.541000000000004,-0.023703825,-0.0218696,-0.024457574
-57.75503199999999,-0.02458141,-0.022576081,-0.025301844
-59.729923,-0.025340308,-0.023187956000000003,-0.026128888
-61.34333,-0.025876209,-0.023845484,-0.026802897000000003
-63.195438,-0.02668478,-0.024609977,-0.027525082000000003
-65.26359599999999,-0.027412693999999998,-0.025251616,-0.028297126000000002
-67.480362,-0.028245162,-0.025911728,-0.029150665
-69.52755,-0.029012557,-0.026601887999999997,-0.029868871
-71.198341,-0.02959241,-0.027267596,-0.030570701000000002
-72.980171,-0.030325364,-0.027904672999999998,-0.031275421
-74.95264399999999,-0.031049456,-0.028514562,-0.032046244
-77.09769399999999,-0.031836059,-0.029302102000000003,-0.032862931
-79.21713299999999,-0.032597058,-0.029981459,-0.033616126
-81.082489,-0.033315208,-0.030617697000000003,-0.034375578
-82.783516,-0.033934418,-0.031217263999999998,-0.035016671
-84.687035,-0.034616657,-0.03180664,-0.03575179
-86.87604499999999,-0.035493899,-0.032529417000000005,-0.036594927
-88.992538,-0.036208875,-0.033318713,-0.037367031
-90.929176,-0.036884889,-0.033807203,-0.03810823
-92.573502,-0.03756633,-0.03446018,-0.038770765
-94.418419,-0.038231022999999996,-0.035073288,-0.039418966
-96.521675,-0.03899847,-0.035881359,-0.040223822
-98.71064799999999,-0.039765652,-0.036705621,-0.041005448
-100.68760999999999,-0.040519655,-0.037140228,-0.041754573999999996
-102.3839,-0.041169677,-0.037816968,-0.04246686400000001
-104.18008,-0.041765843,-0.038462266,-0.043094695
-106.2711,-0.042572994,-0.039199788,-0.043914482000000005
-108.42796000000001,-0.043316442999999996,-0.039970562,-0.044671595
-110.44129,-0.044129573,-0.040525351,-0.045453161
-112.18113999999998,-0.044726133,-0.041257612,-0.046172038
-113.94618999999999,-0.045379425999999994,-0.041805308,-0.046759456
-115.95506,-0.046063624000000004,-0.042555392000000004,-0.047458275999999994
-118.13455,-0.046915202999999996,-0.043308806,-0.048272625
-120.15421,-0.047554627,-0.043943837,-0.049041644
-121.94081000000001,-0.048337929,-0.044659122999999995,-0.049747482
-122.00461000000001,-0.048450217000000004,-0.04479029,-0.049829409000000005
-122.02799999999999,-0.048505109000000005,-0.044821437,-0.049985453
-122.23008999999999,-0.048629582000000005,-0.044918812999999995,-0.050093845
-122.2724,-0.048695393,-0.044963706,-0.050190612999999995
-122.07643999999999,-0.048587926,-0.044987495999999995,-0.050140843
-121.88896000000001,-0.048672307000000005,-0.044985957,-0.050097123
-121.93603999999999,-0.048747484,-0.044948466,-0.050102904000000004
-122.09103999999999,-0.048890120999999995,-0.045112442,-0.050193384
-122.18425,-0.048869681,-0.04517604,-0.05028747
-122.05625,-0.048811834000000005,-0.045082871,-0.050286904
-121.88784,-0.048819475,-0.045049797999999995,-0.050302222
-121.8981,-0.048928930999999995,-0.045131128,-0.050339714
-122.10059,-0.048935268,-0.045310982,-0.050485626
-122.19896000000001,-0.04901658,-0.04530213,-0.050489739000000006
-122.06471,-0.049010694,-0.04507786,-0.050398095999999996
-121.85121000000001,-0.04901641599999999,-0.045141577999999995,-0.050372317
-121.87778,-0.049041521,-0.045194782,-0.050406917999999995
-122.05022,-0.049121585,-0.045319729,-0.050476953
-122.19936000000001,-0.049227871,-0.045515112999999996,-0.05056621099999999
-122.11116000000001,-0.049169607000000004,-0.045357067,-0.050599887999999996
-121.91219,-0.04918395,-0.045309287000000004,-0.050510988
-121.86932,-0.049139529,-0.045277704,-0.050520822
-121.99486999999999,-0.04921839,-0.045412764,-0.050542160999999995
-122.12206,-0.049269087999999996,-0.045470573,-0.050647393
-122.11865,-0.049276218,-0.045428287000000005,-0.050696567000000005
-121.89593,-0.049232304000000005,-0.045432586,-0.050618634
-121.85741000000002,-0.049184754000000004,-0.04546421,-0.05065386
-121.98597,-0.049370881,-0.045449107999999995,-0.050744548
-122.15422,-0.049351897,-0.045582309,-0.050757512000000005
-122.12101000000001,-0.04935193400000001,-0.045511335,-0.050715819
-121.92581000000001,-0.049334290999999995,-0.045539949,-0.050716922000000005
-121.84656000000001,-0.049321193,-0.04555399,-0.050715819
-121.98345,-0.04946965,-0.045500763,-0.05080594099999999
-122.15573,-0.049468360999999995,-0.045661189000000005,-0.050912245999999994
-122.17591999999999,-0.049497925,-0.045638505,-0.05082716
-121.96133999999999,-0.049368169,-0.045578923,-0.050766692
-121.83141,-0.049401108,-0.04562385,-0.050776467
-121.92923,-0.049458709000000003,-0.045592569000000006,-0.05078811900000001
-122.10887,-0.049593817000000005,-0.045692805,-0.050886557
-122.19053999999998,-0.049625099000000006,-0.045744862000000004,-0.050962433
-122.00161999999999,-0.049534891,-0.045584023,-0.050874099000000006
-121.85181999999999,-0.049527153,-0.045725495,-0.050796017
-121.90624,-0.049632337,-0.045728184000000005,-0.05090262
-122.08819,-0.049695875,-0.045739025,-0.050957754
-122.16808999999999,-0.049670285999999994,-0.045862623,-0.05105786
-122.01427,-0.049683657,-0.045695767000000005,-0.050945207
-121.84374,-0.049659267,-0.045709487,-0.050904736
-121.88136000000002,-0.049650744000000004,-0.045741517,-0.05095093
-122.07023999999998,-0.049641587,-0.045792159000000006,-0.051005497999999996
-122.20364,-0.049772295999999994,-0.04586819599999999,-0.051096663
-122.0868,-0.049831349000000004,-0.045796208,-0.051069095999999994
-121.85918000000001,-0.049706890999999996,-0.045761447000000004,-0.05101563
-121.84728,-0.049697831,-0.045736532999999996,-0.051001146
-122.03343000000001,-0.049760994,-0.045868690999999996,-0.051069126
-122.14022,-0.049792245,-0.045961984000000004,-0.05110375599999999
-122.11358,-0.049825318,-0.045895919,-0.051137283
-121.91215,-0.04974236,-0.045864932000000004,-0.051165536
-121.8631,-0.049778428,-0.045930150999999995,-0.051044449000000006
-122.00081999999999,-0.049850263,-0.045905668,-0.051076129000000005
-122.15246,-0.049870215,-0.04599927,-0.051148220999999994
-120.00565,-0.049268164,-0.045264835999999996,-0.050509020999999994
-117.14818000000001,-0.048436895,-0.04445052099999999,-0.049583986
-114.5013,-0.047656175,-0.043718018,-0.04879047
-112.19125,-0.046847775999999994,-0.042900223,-0.048014536
-109.95442,-0.046211023,-0.042249743,-0.047204375
-107.35748999999998,-0.045256924000000004,-0.041565683,-0.046389535
-104.53518000000001,-0.044389799,-0.04056247,-0.04545016599999999
-101.90162,-0.043602176,-0.039730705,-0.044581354000000004
-99.620285,-0.042884357000000005,-0.038988609,-0.043820335999999994
-97.374718,-0.042082772000000004,-0.038292121,-0.043004155
-94.880051,-0.04131519,-0.037523381,-0.042138695999999996
-92.086624,-0.040370703,-0.03658599,-0.041183992999999995
-89.396912,-0.039511282,-0.035826135,-0.040287167
-87.00275400000001,-0.038715489,-0.034946594,-0.039469912999999995
-84.78954300000001,-0.037870191,-0.034342825,-0.03863804
-82.375618,-0.037064452000000005,-0.033575982000000004,-0.037701815
-79.649101,-0.036092285,-0.032587398,-0.036759049
-76.956047,-0.035226062,-0.031722367,-0.035831884
-74.476807,-0.034274992000000004,-0.030998344,-0.034966454
-72.23259,-0.033579379,-0.030133082000000002,-0.034161359
-69.878273,-0.032694466,-0.029488202,-0.033286512000000004
-67.19145999999999,-0.031669412,-0.028492458,-0.032265216
-64.50145699999999,-0.030778088,-0.027721802,-0.031285301
-61.960857,-0.029836937999999997,-0.026901667999999997,-0.030320957000000003
-59.633846,-0.028943747000000002,-0.026032481,-0.02943404
-57.34639,-0.028111282999999997,-0.025280342999999997,-0.028576016
-54.77705400000001,-0.02700945,-0.024382705,-0.027511597000000002
-51.996704,-0.025985461,-0.023424266000000003,-0.026424676
-49.440304,-0.025015338999999998,-0.022722906,-0.025439784
-47.101085999999995,-0.024128426,-0.021839654,-0.024471207999999998
-44.799103,-0.023231018,-0.021137378999999998,-0.023643851
-42.27673,-0.022226497999999997,-0.020311726000000002,-0.02256602
-39.560753000000005,-0.021091002999999997,-0.019219486,-0.021404549
-36.952419,-0.020125277,-0.018396938,-0.020323455
-34.599262,-0.019094542,-0.017573414,-0.019402578
-32.352638,-0.018163506,-0.016760089,-0.018506333
-29.864771,-0.017161008000000002,-0.015910043999999998,-0.017367169
-27.08366,-0.015982354,-0.014868122,-0.016180232
-24.429804,-0.014817346,-0.013947397,-0.015009463
-22.085953,-0.013906493999999998,-0.013047543,-0.013998449
-19.832613000000002,-0.012893366000000002,-0.012239891000000001,-0.013028413
-17.403732,-0.011881698000000001,-0.011327048999999999,-0.011947945
-14.650584,-0.01072141,-0.010202095999999999,-0.010655001
-12.03686,-0.009690588299999999,-0.009180224499999999,-0.009471476099999999
-9.6300659,-0.0086419247,-0.0082422383,-0.008335918199999999
-7.2975216,-0.0076226685,-0.0072495025,-0.007293403100000001
-4.8826356,-0.006509529399999999,-0.0062108868999999995,-0.006298184399999999
-2.6233904,-0.0056433436,-0.0051559452,-0.0053328574
-1.4649258,-0.0051473845,-0.0045387652,-0.0045810789000000005
-0.68201309,-0.0048724581,-0.0040825969,-0.0042121857
-0.69145489,-0.004860227,-0.003946485,-0.0041296779999999995
-0.7461589,-0.0048183175,-0.0039528897,-0.0041363835
-0.77053159,-0.004738397,-0.0039797043,-0.0040836483
-0.72854942,-0.0047136908,-0.0038161265999999998,-0.0039357543
-0.76741165,-0.0046941657,-0.0038357915,-0.0039116144
-0.87460691,-0.0047408994,-0.0038693590999999998,-0.0039968789000000005
-0.94473177,-0.0047223521000000004,-0.003926238,-0.0040212125
-0.92181563,-0.0046512717,-0.0040163388,-0.0039796829
-0.86373276,-0.0046562133,-0.0038102095,-0.0039170682
-0.90079379,-0.0046351542999999995,-0.0038351885,-0.0038878172999999997
0.09318813699999999,-0.0044727232,-0.0033495876,-0.0033563375
